vin,sequence_index,vehicle_model,powertrain_type,assembly_hall,station_code,spindle_torque_nm,nominal_torque_nm,thermal_paste_vol_ml,weld_temperature_c,structural_adhesion_kpa,hv_insulation_mohm,actual_cycle_time_sec,target_takt_time_sec,jis_woodruff_battery_batch,quarantine_status,scrap_risk_score,timestamp
4USBM499344,1,BMW X5,PHEV,"Assembly Hall 52 (Mid/Full-Size SAC/SAV: X5, X6, X7, XM, iX5)",L1_S01_CHASSIS_INTAKE,44.35,45.0,343.8,180.9,815.9,594.3,52.0,50.0,WF-800V-9710,PASSED,0.13,2026-09-03T10:40:43.117159+00:00
4USBM499344,1,BMW X5,PHEV,"Assembly Hall 52 (Mid/Full-Size SAC/SAV: X5, X6, X7, XM, iX5)",L1_S05_UNDERBODY_PREP,45.36,45.0,329.3,183.4,834.5,547.8,56.8,58.0,WF-800V-9710,PASSED,0.03,2026-09-03T10:40:39.117159+00:00
4USBM499344,1,BMW X5,PHEV,"Assembly Hall 52 (Mid/Full-Size SAC/SAV: X5, X6, X7, XM, iX5)",L1_S12_BATTERY_MARRIAGE,64.89,65.0,340.7,188.4,837.4,570.1,63.0,64.0,WF-800V-9710,PASSED,0.1,2026-09-03T10:40:49.117159+00:00
4USBM499344,1,BMW X5,PHEV,"Assembly Hall 52 (Mid/Full-Size SAC/SAV: X5, X6, X7, XM, iX5)",L1_S18_POWERTRAIN_DROP,44.21,45.0,346.2,185.3,814.7,569.7,75.2,72.0,WF-800V-9710,PASSED,0.02,2026-09-03T10:40:17.117159+00:00
4USBM499344,1,BMW X5,PHEV,"Assembly Hall 52 (Mid/Full-Size SAC/SAV: X5, X6, X7, XM, iX5)",L1_S24_EXHAUST_AND_HV,43.0,45.0,343.7,177.1,846.0,569.0,68.6,66.0,WF-800V-9710,PASSED,0.12,2026-09-03T10:40:43.117159+00:00
4USBM499344,1,BMW X5,PHEV,"Assembly Hall 52 (Mid/Full-Size SAC/SAV: X5, X6, X7, XM, iX5)",L1_S32_DOORS_AND_INTERIOR,43.51,45.0,347.5,182.2,811.6,562.5,59.2,58.0,WF-800V-9710,PASSED,0.11,2026-09-03T10:40:48.117159+00:00
4USBM499344,1,BMW X5,PHEV,"Assembly Hall 52 (Mid/Full-Size SAC/SAV: X5, X6, X7, XM, iX5)",L1_S40_GLAZING_AND_SEALING,44.16,45.0,361.1,194.4,818.3,538.7,51.4,52.0,WF-800V-9710,PASSED,0.05,2026-09-03T10:40:27.117159+00:00
4USBM499344,1,BMW X5,PHEV,"Assembly Hall 52 (Mid/Full-Size SAC/SAV: X5, X6, X7, XM, iX5)",L1_S50_FINAL_LINE_ROLLOFF,44.97,45.0,362.0,195.8,871.1,560.8,61.1,64.0,WF-800V-9710,PASSED,0.14,2026-09-03T10:40:33.117159+00:00
4USBM253577,2,BMW iX5 Hydrogen/BEV,BEV,"Assembly Hall 52 (Mid/Full-Size SAC/SAV: X5, X6, X7, XM, iX5)",L1_S01_CHASSIS_INTAKE,43.96,45.0,352.0,184.9,741.5,527.8,49.5,52.0,WF-800V-9182,PASSED,0.08,2026-09-03T10:41:07.117159+00:00
4USBM253577,2,BMW iX5 Hydrogen/BEV,BEV,"Assembly Hall 52 (Mid/Full-Size SAC/SAV: X5, X6, X7, XM, iX5)",L1_S05_UNDERBODY_PREP,42.93,45.0,344.0,178.6,821.2,549.5,63.1,62.0,WF-800V-9182,PASSED,0.09,2026-09-03T10:41:44.117159+00:00
4USBM253577,2,BMW iX5 Hydrogen/BEV,BEV,"Assembly Hall 52 (Mid/Full-Size SAC/SAV: X5, X6, X7, XM, iX5)",L1_S12_BATTERY_MARRIAGE,64.63,65.0,340.5,180.6,816.5,550.4,72.7,74.0,WF-800V-9182,PASSED,0.08,2026-09-03T10:41:45.117159+00:00
4USBM253577,2,BMW iX5 Hydrogen/BEV,BEV,"Assembly Hall 52 (Mid/Full-Size SAC/SAV: X5, X6, X7, XM, iX5)",L1_S18_POWERTRAIN_DROP,43.31,45.0,329.0,180.0,806.4,534.3,47.8,46.0,WF-800V-9182,PASSED,0.12,2026-09-03T10:41:18.117159+00:00
4USBM253577,2,BMW iX5 Hydrogen/BEV,BEV,"Assembly Hall 52 (Mid/Full-Size SAC/SAV: X5, X6, X7, XM, iX5)",L1_S24_EXHAUST_AND_HV,45.7,45.0,330.1,184.0,834.4,538.5,37.0,44.0,WF-800V-9182,PASSED,0.14,2026-09-03T10:41:41.117159+00:00
4USBM253577,2,BMW iX5 Hydrogen/BEV,BEV,"Assembly Hall 52 (Mid/Full-Size SAC/SAV: X5, X6, X7, XM, iX5)",L1_S32_DOORS_AND_INTERIOR,45.78,45.0,347.8,183.9,823.8,553.6,55.6,60.0,WF-800V-9182,PASSED,0.02,2026-09-03T10:41:36.117159+00:00
4USBM253577,2,BMW iX5 Hydrogen/BEV,BEV,"Assembly Hall 52 (Mid/Full-Size SAC/SAV: X5, X6, X7, XM, iX5)",L1_S40_GLAZING_AND_SEALING,44.95,45.0,340.3,183.4,808.9,579.1,51.5,54.0,WF-800V-9182,PASSED,0.02,2026-09-03T10:41:19.117159+00:00
4USBM253577,2,BMW iX5 Hydrogen/BEV,BEV,"Assembly Hall 52 (Mid/Full-Size SAC/SAV: X5, X6, X7, XM, iX5)",L1_S50_FINAL_LINE_ROLLOFF,44.0,45.0,327.4,179.5,858.6,552.1,68.4,66.0,WF-800V-9182,PASSED,0.07,2026-09-03T10:41:08.117159+00:00
4USBM778398,3,BMW X5,PHEV,"Assembly Hall 52 (Mid/Full-Size SAC/SAV: X5, X6, X7, XM, iX5)",L1_S01_CHASSIS_INTAKE,44.59,45.0,333.3,191.7,793.8,522.2,48.5,50.0,WF-800V-9677,PASSED,0.14,2026-09-03T10:42:24.117159+00:00
4USBM778398,3,BMW X5,PHEV,"Assembly Hall 52 (Mid/Full-Size SAC/SAV: X5, X6, X7, XM, iX5)",L1_S05_UNDERBODY_PREP,46.56,45.0,332.6,191.0,850.5,536.0,52.8,58.0,WF-800V-9677,PASSED,0.14,2026-09-03T10:42:08.117159+00:00
4USBM778398,3,BMW X5,PHEV,"Assembly Hall 52 (Mid/Full-Size SAC/SAV: X5, X6, X7, XM, iX5)",L1_S12_BATTERY_MARRIAGE,63.84,65.0,342.5,190.4,815.8,565.1,62.7,64.0,WF-800V-9677,PASSED,0.08,2026-09-03T10:42:33.117159+00:00
4USBM778398,3,BMW X5,PHEV,"Assembly Hall 52 (Mid/Full-Size SAC/SAV: X5, X6, X7, XM, iX5)",L1_S18_POWERTRAIN_DROP,47.15,45.0,332.0,181.6,852.2,536.9,71.5,72.0,WF-800V-9677,PASSED,0.13,2026-09-03T10:42:22.117159+00:00
4USBM778398,3,BMW X5,PHEV,"Assembly Hall 52 (Mid/Full-Size SAC/SAV: X5, X6, X7, XM, iX5)",L1_S24_EXHAUST_AND_HV,44.55,45.0,333.5,185.4,850.8,573.5,66.9,66.0,WF-800V-9677,PASSED,0.12,2026-09-03T10:42:20.117159+00:00
4USBM778398,3,BMW X5,PHEV,"Assembly Hall 52 (Mid/Full-Size SAC/SAV: X5, X6, X7, XM, iX5)",L1_S32_DOORS_AND_INTERIOR,44.6,45.0,343.2,182.4,796.2,577.3,56.4,58.0,WF-800V-9677,PASSED,0.06,2026-09-03T10:42:18.117159+00:00
4USBM778398,3,BMW X5,PHEV,"Assembly Hall 52 (Mid/Full-Size SAC/SAV: X5, X6, X7, XM, iX5)",L1_S40_GLAZING_AND_SEALING,44.95,45.0,341.2,182.9,802.5,558.8,53.1,52.0,WF-800V-9677,PASSED,0.1,2026-09-03T10:42:33.117159+00:00
4USBM778398,3,BMW X5,PHEV,"Assembly Hall 52 (Mid/Full-Size SAC/SAV: X5, X6, X7, XM, iX5)",L1_S50_FINAL_LINE_ROLLOFF,47.28,45.0,337.3,185.1,813.5,545.5,66.6,64.0,WF-800V-9677,PASSED,0.04,2026-09-03T10:42:23.117159+00:00
4USBM394962,4,BMW X5,ICE,"Assembly Hall 52 (Mid/Full-Size SAC/SAV: X5, X6, X7, XM, iX5)",L1_S01_CHASSIS_INTAKE,45.44,45.0,0.0,183.4,852.0,999.0,44.9,48.0,N/A_ICE,PASSED,0.1,2026-09-03T10:43:10.117159+00:00
4USBM394962,4,BMW X5,ICE,"Assembly Hall 52 (Mid/Full-Size SAC/SAV: X5, X6, X7, XM, iX5)",L1_S05_UNDERBODY_PREP,46.61,45.0,0.0,183.1,775.0,999.0,53.1,54.0,N/A_ICE,PASSED,0.03,2026-09-03T10:43:28.117159+00:00
4USBM394962,4,BMW X5,ICE,"Assembly Hall 52 (Mid/Full-Size SAC/SAV: X5, X6, X7, XM, iX5)",L1_S12_BATTERY_MARRIAGE,64.33,65.0,0.0,183.6,804.2,999.0,33.1,32.0,N/A_ICE,PASSED,0.09,2026-09-03T10:43:09.117159+00:00
4USBM394962,4,BMW X5,ICE,"Assembly Hall 52 (Mid/Full-Size SAC/SAV: X5, X6, X7, XM, iX5)",L1_S18_POWERTRAIN_DROP,45.8,45.0,0.0,185.0,789.0,999.0,67.2,68.0,N/A_ICE,PASSED,0.01,2026-09-03T10:43:34.117159+00:00
4USBM394962,4,BMW X5,ICE,"Assembly Hall 52 (Mid/Full-Size SAC/SAV: X5, X6, X7, XM, iX5)",L1_S24_EXHAUST_AND_HV,44.53,45.0,0.0,178.7,823.9,999.0,63.4,62.0,N/A_ICE,PASSED,0.09,2026-09-03T10:43:09.117159+00:00
4USBM394962,4,BMW X5,ICE,"Assembly Hall 52 (Mid/Full-Size SAC/SAV: X5, X6, X7, XM, iX5)",L1_S32_DOORS_AND_INTERIOR,44.28,45.0,0.0,181.8,857.7,999.0,58.6,56.0,N/A_ICE,PASSED,0.08,2026-09-03T10:43:05.117159+00:00
4USBM394962,4,BMW X5,ICE,"Assembly Hall 52 (Mid/Full-Size SAC/SAV: X5, X6, X7, XM, iX5)",L1_S40_GLAZING_AND_SEALING,46.87,45.0,0.0,181.8,861.1,999.0,50.1,52.0,N/A_ICE,PASSED,0.09,2026-09-03T10:43:28.117159+00:00
4USBM394962,4,BMW X5,ICE,"Assembly Hall 52 (Mid/Full-Size SAC/SAV: X5, X6, X7, XM, iX5)",L1_S50_FINAL_LINE_ROLLOFF,45.17,45.0,0.0,188.3,806.8,999.0,55.8,58.0,N/A_ICE,PASSED,0.02,2026-09-03T10:43:25.117159+00:00
4USBM849273,5,BMW X5,PHEV,"Assembly Hall 52 (Mid/Full-Size SAC/SAV: X5, X6, X7, XM, iX5)",L1_S01_CHASSIS_INTAKE,45.5,45.0,353.5,182.3,801.7,570.6,52.0,50.0,WF-800V-9244,PASSED,0.04,2026-09-03T10:43:52.117159+00:00
4USBM849273,5,BMW X5,PHEV,"Assembly Hall 52 (Mid/Full-Size SAC/SAV: X5, X6, X7, XM, iX5)",L1_S05_UNDERBODY_PREP,45.44,45.0,354.3,191.1,806.9,550.0,56.9,58.0,WF-800V-9244,PASSED,0.06,2026-09-03T10:44:05.117159+00:00
4USBM849273,5,BMW X5,PHEV,"Assembly Hall 52 (Mid/Full-Size SAC/SAV: X5, X6, X7, XM, iX5)",L1_S12_BATTERY_MARRIAGE,65.58,65.0,323.3,189.7,820.1,526.8,64.2,64.0,WF-800V-9244,PASSED,0.03,2026-09-03T10:44:25.117159+00:00
4USBM849273,5,BMW X5,PHEV,"Assembly Hall 52 (Mid/Full-Size SAC/SAV: X5, X6, X7, XM, iX5)",L1_S18_POWERTRAIN_DROP,44.32,45.0,332.6,182.9,822.8,564.9,76.4,72.0,WF-800V-9244,PASSED,0.06,2026-09-03T10:44:22.117159+00:00
4USBM849273,5,BMW X5,PHEV,"Assembly Hall 52 (Mid/Full-Size SAC/SAV: X5, X6, X7, XM, iX5)",L1_S24_EXHAUST_AND_HV,47.72,45.0,320.1,187.6,831.3,557.0,63.2,66.0,WF-800V-9244,PASSED,0.04,2026-09-03T10:44:02.117159+00:00
4USBM849273,5,BMW X5,PHEV,"Assembly Hall 52 (Mid/Full-Size SAC/SAV: X5, X6, X7, XM, iX5)",L1_S32_DOORS_AND_INTERIOR,44.5,45.0,344.7,182.8,875.8,552.2,56.5,58.0,WF-800V-9244,PASSED,0.03,2026-09-03T10:44:15.117159+00:00
4USBM849273,5,BMW X5,PHEV,"Assembly Hall 52 (Mid/Full-Size SAC/SAV: X5, X6, X7, XM, iX5)",L1_S40_GLAZING_AND_SEALING,48.62,45.0,341.9,178.1,845.9,526.5,50.1,52.0,WF-800V-9244,PASSED,0.06,2026-09-03T10:44:23.117159+00:00
4USBM849273,5,BMW X5,PHEV,"Assembly Hall 52 (Mid/Full-Size SAC/SAV: X5, X6, X7, XM, iX5)",L1_S50_FINAL_LINE_ROLLOFF,45.54,45.0,331.1,189.1,832.4,580.1,63.4,64.0,WF-800V-9244,PASSED,0.12,2026-09-03T10:44:15.117159+00:00
4USBM571979,6,BMW XM (High-Performance PHEV),PHEV,"Assembly Hall 52 (Mid/Full-Size SAC/SAV: X5, X6, X7, XM, iX5)",L1_S01_CHASSIS_INTAKE,45.46,45.0,322.5,187.7,790.1,541.0,52.4,50.0,WF-800V-9012,PASSED,0.13,2026-09-03T10:45:17.117159+00:00
4USBM571979,6,BMW XM (High-Performance PHEV),PHEV,"Assembly Hall 52 (Mid/Full-Size SAC/SAV: X5, X6, X7, XM, iX5)",L1_S05_UNDERBODY_PREP,45.66,45.0,321.7,186.9,809.5,528.6,62.7,58.0,WF-800V-9012,PASSED,0.06,2026-09-03T10:45:20.117159+00:00
4USBM571979,6,BMW XM (High-Performance PHEV),PHEV,"Assembly Hall 52 (Mid/Full-Size SAC/SAV: X5, X6, X7, XM, iX5)",L1_S12_BATTERY_MARRIAGE,57.97,65.0,355.4,193.2,784.1,562.6,65.9,64.0,WF-800V-9012,WARNING_DRIFT,0.43,2026-09-03T10:44:53.117159+00:00
4USBM571979,6,BMW XM (High-Performance PHEV),PHEV,"Assembly Hall 52 (Mid/Full-Size SAC/SAV: X5, X6, X7, XM, iX5)",L1_S18_POWERTRAIN_DROP,46.27,45.0,336.7,188.8,864.4,558.8,74.3,72.0,WF-800V-9012,PASSED,0.06,2026-09-03T10:45:12.117159+00:00
4USBM571979,6,BMW XM (High-Performance PHEV),PHEV,"Assembly Hall 52 (Mid/Full-Size SAC/SAV: X5, X6, X7, XM, iX5)",L1_S24_EXHAUST_AND_HV,44.03,45.0,326.0,188.6,796.8,541.4,67.6,66.0,WF-800V-9012,PASSED,0.03,2026-09-03T10:45:10.117159+00:00
4USBM571979,6,BMW XM (High-Performance PHEV),PHEV,"Assembly Hall 52 (Mid/Full-Size SAC/SAV: X5, X6, X7, XM, iX5)",L1_S32_DOORS_AND_INTERIOR,47.36,45.0,344.8,183.0,779.6,535.2,59.2,58.0,WF-800V-9012,PASSED,0.04,2026-09-03T10:45:13.117159+00:00
4USBM571979,6,BMW XM (High-Performance PHEV),PHEV,"Assembly Hall 52 (Mid/Full-Size SAC/SAV: X5, X6, X7, XM, iX5)",L1_S40_GLAZING_AND_SEALING,47.45,45.0,324.6,190.2,816.1,529.1,52.6,52.0,WF-800V-9012,PASSED,0.14,2026-09-03T10:44:51.117159+00:00
4USBM571979,6,BMW XM (High-Performance PHEV),PHEV,"Assembly Hall 52 (Mid/Full-Size SAC/SAV: X5, X6, X7, XM, iX5)",L1_S50_FINAL_LINE_ROLLOFF,44.26,45.0,332.9,190.7,830.8,535.3,62.9,64.0,WF-800V-9012,PASSED,0.11,2026-09-03T10:45:25.117159+00:00
4USBM671191,7,BMW X5,PHEV,"Assembly Hall 52 (Mid/Full-Size SAC/SAV: X5, X6, X7, XM, iX5)",L1_S01_CHASSIS_INTAKE,42.81,45.0,339.7,187.5,837.6,543.1,53.7,50.0,WF-800V-9341,PASSED,0.01,2026-09-03T10:45:55.117159+00:00
4USBM671191,7,BMW X5,PHEV,"Assembly Hall 52 (Mid/Full-Size SAC/SAV: X5, X6, X7, XM, iX5)",L1_S05_UNDERBODY_PREP,44.6,45.0,326.6,193.1,828.7,537.8,56.6,58.0,WF-800V-9341,PASSED,0.12,2026-09-03T10:46:11.117159+00:00
4USBM671191,7,BMW X5,PHEV,"Assembly Hall 52 (Mid/Full-Size SAC/SAV: X5, X6, X7, XM, iX5)",L1_S12_BATTERY_MARRIAGE,56.88,65.0,345.0,190.6,797.1,558.0,65.0,64.0,WF-800V-9341,QUARANTINED_AT_STATION,0.86,2026-09-03T10:45:49.117159+00:00
4USBM671191,7,BMW X5,PHEV,"Assembly Hall 52 (Mid/Full-Size SAC/SAV: X5, X6, X7, XM, iX5)",L1_S18_POWERTRAIN_DROP,41.94,45.0,323.4,186.6,850.3,568.0,71.0,72.0,WF-800V-9341,PASSED,0.06,2026-09-03T10:45:50.117159+00:00
4USBM671191,7,BMW X5,PHEV,"Assembly Hall 52 (Mid/Full-Size SAC/SAV: X5, X6, X7, XM, iX5)",L1_S24_EXHAUST_AND_HV,44.5,45.0,337.7,182.1,871.6,576.2,62.6,66.0,WF-800V-9341,PASSED,0.15,2026-09-03T10:46:21.117159+00:00
4USBM671191,7,BMW X5,PHEV,"Assembly Hall 52 (Mid/Full-Size SAC/SAV: X5, X6, X7, XM, iX5)",L1_S32_DOORS_AND_INTERIOR,47.44,45.0,339.9,188.9,830.5,548.8,58.8,58.0,WF-800V-9341,PASSED,0.05,2026-09-03T10:46:01.117159+00:00
4USBM671191,7,BMW X5,PHEV,"Assembly Hall 52 (Mid/Full-Size SAC/SAV: X5, X6, X7, XM, iX5)",L1_S40_GLAZING_AND_SEALING,43.27,45.0,338.6,184.0,790.3,572.8,50.5,52.0,WF-800V-9341,PASSED,0.09,2026-09-03T10:46:17.117159+00:00
4USBM671191,7,BMW X5,PHEV,"Assembly Hall 52 (Mid/Full-Size SAC/SAV: X5, X6, X7, XM, iX5)",L1_S50_FINAL_LINE_ROLLOFF,43.21,45.0,349.0,182.8,798.2,542.5,65.3,64.0,WF-800V-9341,PASSED,0.11,2026-09-03T10:45:55.117159+00:00
4USBM488076,8,BMW X7,ICE,"Assembly Hall 52 (Mid/Full-Size SAC/SAV: X5, X6, X7, XM, iX5)",L1_S01_CHASSIS_INTAKE,44.82,45.0,0.0,183.6,809.8,999.0,49.3,48.0,N/A_ICE,PASSED,0.11,2026-09-03T10:46:55.117159+00:00
4USBM488076,8,BMW X7,ICE,"Assembly Hall 52 (Mid/Full-Size SAC/SAV: X5, X6, X7, XM, iX5)",L1_S05_UNDERBODY_PREP,44.59,45.0,0.0,181.6,833.5,999.0,51.1,54.0,N/A_ICE,PASSED,0.07,2026-09-03T10:46:58.117159+00:00
4USBM488076,8,BMW X7,ICE,"Assembly Hall 52 (Mid/Full-Size SAC/SAV: X5, X6, X7, XM, iX5)",L1_S12_BATTERY_MARRIAGE,65.55,65.0,0.0,183.3,787.6,999.0,35.3,32.0,N/A_ICE,PASSED,0.08,2026-09-03T10:47:01.117159+00:00
4USBM488076,8,BMW X7,ICE,"Assembly Hall 52 (Mid/Full-Size SAC/SAV: X5, X6, X7, XM, iX5)",L1_S18_POWERTRAIN_DROP,45.13,45.0,0.0,184.4,794.9,999.0,64.9,68.0,N/A_ICE,PASSED,0.03,2026-09-03T10:47:15.117159+00:00
4USBM488076,8,BMW X7,ICE,"Assembly Hall 52 (Mid/Full-Size SAC/SAV: X5, X6, X7, XM, iX5)",L1_S24_EXHAUST_AND_HV,45.14,45.0,0.0,189.0,812.3,999.0,65.3,62.0,N/A_ICE,PASSED,0.15,2026-09-03T10:46:52.117159+00:00
4USBM488076,8,BMW X7,ICE,"Assembly Hall 52 (Mid/Full-Size SAC/SAV: X5, X6, X7, XM, iX5)",L1_S32_DOORS_AND_INTERIOR,45.01,45.0,0.0,194.6,838.0,999.0,57.2,56.0,N/A_ICE,PASSED,0.05,2026-09-03T10:47:11.117159+00:00
4USBM488076,8,BMW X7,ICE,"Assembly Hall 52 (Mid/Full-Size SAC/SAV: X5, X6, X7, XM, iX5)",L1_S40_GLAZING_AND_SEALING,46.91,45.0,0.0,179.6,849.6,999.0,52.2,52.0,N/A_ICE,PASSED,0.14,2026-09-03T10:47:13.117159+00:00
4USBM488076,8,BMW X7,ICE,"Assembly Hall 52 (Mid/Full-Size SAC/SAV: X5, X6, X7, XM, iX5)",L1_S50_FINAL_LINE_ROLLOFF,44.37,45.0,0.0,174.5,807.3,999.0,57.8,58.0,N/A_ICE,PASSED,0.02,2026-09-03T10:47:04.117159+00:00
4USBM786174,9,BMW X5,PHEV,"Assembly Hall 52 (Mid/Full-Size SAC/SAV: X5, X6, X7, XM, iX5)",L1_S01_CHASSIS_INTAKE,42.5,45.0,346.8,189.0,829.6,550.0,49.8,50.0,WF-800V-9612,PASSED,0.12,2026-09-03T10:48:05.117159+00:00
4USBM786174,9,BMW X5,PHEV,"Assembly Hall 52 (Mid/Full-Size SAC/SAV: X5, X6, X7, XM, iX5)",L1_S05_UNDERBODY_PREP,45.23,45.0,333.0,179.7,808.5,545.2,59.3,58.0,WF-800V-9612,PASSED,0.09,2026-09-03T10:47:52.117159+00:00
4USBM786174,9,BMW X5,PHEV,"Assembly Hall 52 (Mid/Full-Size SAC/SAV: X5, X6, X7, XM, iX5)",L1_S12_BATTERY_MARRIAGE,74.66,65.0,337.1,190.3,868.8,529.3,64.0,64.0,WF-800V-9612,QUARANTINED_AT_STATION,0.92,2026-09-03T10:47:47.117159+00:00
4USBM786174,9,BMW X5,PHEV,"Assembly Hall 52 (Mid/Full-Size SAC/SAV: X5, X6, X7, XM, iX5)",L1_S18_POWERTRAIN_DROP,44.78,45.0,339.8,183.2,859.4,557.8,68.9,72.0,WF-800V-9612,PASSED,0.14,2026-09-03T10:47:49.117159+00:00
4USBM786174,9,BMW X5,PHEV,"Assembly Hall 52 (Mid/Full-Size SAC/SAV: X5, X6, X7, XM, iX5)",L1_S24_EXHAUST_AND_HV,46.36,45.0,338.7,183.2,805.6,559.2,62.4,66.0,WF-800V-9612,PASSED,0.11,2026-09-03T10:47:45.117159+00:00
4USBM786174,9,BMW X5,PHEV,"Assembly Hall 52 (Mid/Full-Size SAC/SAV: X5, X6, X7, XM, iX5)",L1_S32_DOORS_AND_INTERIOR,46.7,45.0,351.8,185.0,816.7,557.8,55.4,58.0,WF-800V-9612,PASSED,0.13,2026-09-03T10:48:02.117159+00:00
4USBM786174,9,BMW X5,PHEV,"Assembly Hall 52 (Mid/Full-Size SAC/SAV: X5, X6, X7, XM, iX5)",L1_S40_GLAZING_AND_SEALING,45.62,45.0,343.6,190.2,784.5,569.2,50.6,52.0,WF-800V-9612,PASSED,0.1,2026-09-03T10:47:36.117159+00:00
4USBM786174,9,BMW X5,PHEV,"Assembly Hall 52 (Mid/Full-Size SAC/SAV: X5, X6, X7, XM, iX5)",L1_S50_FINAL_LINE_ROLLOFF,44.93,45.0,344.9,188.9,781.4,569.5,61.9,64.0,WF-800V-9612,PASSED,0.12,2026-09-03T10:47:59.117159+00:00
4USBM455744,10,BMW X5,PHEV,"Assembly Hall 52 (Mid/Full-Size SAC/SAV: X5, X6, X7, XM, iX5)",L1_S01_CHASSIS_INTAKE,45.76,45.0,356.2,181.7,844.0,533.2,48.1,50.0,WF-800V-9853,PASSED,0.12,2026-09-03T10:48:41.117159+00:00
4USBM455744,10,BMW X5,PHEV,"Assembly Hall 52 (Mid/Full-Size SAC/SAV: X5, X6, X7, XM, iX5)",L1_S05_UNDERBODY_PREP,44.3,45.0,330.8,189.5,795.2,534.2,62.7,58.0,WF-800V-9853,PASSED,0.04,2026-09-03T10:49:02.117159+00:00
4USBM455744,10,BMW X5,PHEV,"Assembly Hall 52 (Mid/Full-Size SAC/SAV: X5, X6, X7, XM, iX5)",L1_S12_BATTERY_MARRIAGE,56.54,65.0,338.2,183.7,790.9,561.1,62.1,64.0,WF-800V-9853,QUARANTINED_AT_STATION,0.83,2026-09-03T10:48:56.117159+00:00
4USBM455744,10,BMW X5,PHEV,"Assembly Hall 52 (Mid/Full-Size SAC/SAV: X5, X6, X7, XM, iX5)",L1_S18_POWERTRAIN_DROP,45.21,45.0,351.6,187.5,791.9,536.1,72.0,72.0,WF-800V-9853,PASSED,0.06,2026-09-03T10:48:32.117159+00:00
4USBM455744,10,BMW X5,PHEV,"Assembly Hall 52 (Mid/Full-Size SAC/SAV: X5, X6, X7, XM, iX5)",L1_S24_EXHAUST_AND_HV,43.63,45.0,340.2,182.9,832.9,557.1,61.3,66.0,WF-800V-9853,PASSED,0.14,2026-09-03T10:48:56.117159+00:00
4USBM455744,10,BMW X5,PHEV,"Assembly Hall 52 (Mid/Full-Size SAC/SAV: X5, X6, X7, XM, iX5)",L1_S32_DOORS_AND_INTERIOR,43.96,45.0,331.2,182.1,787.0,551.8,58.6,58.0,WF-800V-9853,PASSED,0.01,2026-09-03T10:49:01.117159+00:00
4USBM455744,10,BMW X5,PHEV,"Assembly Hall 52 (Mid/Full-Size SAC/SAV: X5, X6, X7, XM, iX5)",L1_S40_GLAZING_AND_SEALING,45.7,45.0,337.3,183.9,820.4,573.2,54.9,52.0,WF-800V-9853,PASSED,0.11,2026-09-03T10:48:43.117159+00:00
4USBM455744,10,BMW X5,PHEV,"Assembly Hall 52 (Mid/Full-Size SAC/SAV: X5, X6, X7, XM, iX5)",L1_S50_FINAL_LINE_ROLLOFF,46.72,45.0,333.7,186.9,872.2,564.7,61.9,64.0,WF-800V-9853,PASSED,0.14,2026-09-03T10:48:52.117159+00:00
4USBM780165,11,BMW X5,PHEV,"Assembly Hall 52 (Mid/Full-Size SAC/SAV: X5, X6, X7, XM, iX5)",L1_S01_CHASSIS_INTAKE,43.47,45.0,349.9,182.3,808.4,534.4,50.4,50.0,WF-800V-9587,PASSED,0.12,2026-09-03T10:49:49.117159+00:00
4USBM780165,11,BMW X5,PHEV,"Assembly Hall 52 (Mid/Full-Size SAC/SAV: X5, X6, X7, XM, iX5)",L1_S05_UNDERBODY_PREP,44.95,45.0,345.9,186.3,793.4,553.6,56.2,58.0,WF-800V-9587,PASSED,0.12,2026-09-03T10:49:58.117159+00:00
4USBM780165,11,BMW X5,PHEV,"Assembly Hall 52 (Mid/Full-Size SAC/SAV: X5, X6, X7, XM, iX5)",L1_S12_BATTERY_MARRIAGE,64.28,65.0,333.9,188.5,824.2,529.1,59.8,64.0,WF-800V-9587,PASSED,0.08,2026-09-03T10:49:35.117159+00:00
4USBM780165,11,BMW X5,PHEV,"Assembly Hall 52 (Mid/Full-Size SAC/SAV: X5, X6, X7, XM, iX5)",L1_S18_POWERTRAIN_DROP,41.9,45.0,325.7,180.8,812.3,531.6,79.8,72.0,WF-800V-9587,PASSED,0.14,2026-09-03T10:49:44.117159+00:00
4USBM780165,11,BMW X5,PHEV,"Assembly Hall 52 (Mid/Full-Size SAC/SAV: X5, X6, X7, XM, iX5)",L1_S24_EXHAUST_AND_HV,44.48,45.0,310.1,180.6,823.7,554.5,68.5,66.0,WF-800V-9587,PASSED,0.01,2026-09-03T10:49:36.117159+00:00
4USBM780165,11,BMW X5,PHEV,"Assembly Hall 52 (Mid/Full-Size SAC/SAV: X5, X6, X7, XM, iX5)",L1_S32_DOORS_AND_INTERIOR,44.75,45.0,343.4,183.9,811.7,542.5,62.7,58.0,WF-800V-9587,PASSED,0.06,2026-09-03T10:50:00.117159+00:00
4USBM780165,11,BMW X5,PHEV,"Assembly Hall 52 (Mid/Full-Size SAC/SAV: X5, X6, X7, XM, iX5)",L1_S40_GLAZING_AND_SEALING,44.2,45.0,332.2,180.5,848.7,565.0,51.1,52.0,WF-800V-9587,PASSED,0.03,2026-09-03T10:50:00.117159+00:00
4USBM780165,11,BMW X5,PHEV,"Assembly Hall 52 (Mid/Full-Size SAC/SAV: X5, X6, X7, XM, iX5)",L1_S50_FINAL_LINE_ROLLOFF,46.45,45.0,346.0,189.7,781.9,569.1,64.7,64.0,WF-800V-9587,PASSED,0.06,2026-09-03T10:49:51.117159+00:00
4USBM917152,12,BMW XM (High-Performance PHEV),PHEV,"Assembly Hall 52 (Mid/Full-Size SAC/SAV: X5, X6, X7, XM, iX5)",L1_S01_CHASSIS_INTAKE,44.39,45.0,345.9,186.9,825.3,549.6,50.1,50.0,WF-800V-8891,PASSED,0.02,2026-09-03T10:50:24.117159+00:00
4USBM917152,12,BMW XM (High-Performance PHEV),PHEV,"Assembly Hall 52 (Mid/Full-Size SAC/SAV: X5, X6, X7, XM, iX5)",L1_S05_UNDERBODY_PREP,45.47,45.0,331.1,184.1,844.6,526.6,58.9,58.0,WF-800V-8891,PASSED,0.04,2026-09-03T10:50:55.117159+00:00
4USBM917152,12,BMW XM (High-Performance PHEV),PHEV,"Assembly Hall 52 (Mid/Full-Size SAC/SAV: X5, X6, X7, XM, iX5)",L1_S12_BATTERY_MARRIAGE,64.44,65.0,332.1,185.7,784.6,559.6,66.3,64.0,WF-800V-8891,PASSED,0.12,2026-09-03T10:50:42.117159+00:00
4USBM917152,12,BMW XM (High-Performance PHEV),PHEV,"Assembly Hall 52 (Mid/Full-Size SAC/SAV: X5, X6, X7, XM, iX5)",L1_S18_POWERTRAIN_DROP,44.26,45.0,330.5,186.8,825.4,548.2,73.8,72.0,WF-800V-8891,PASSED,0.03,2026-09-03T10:50:18.117159+00:00
4USBM917152,12,BMW XM (High-Performance PHEV),PHEV,"Assembly Hall 52 (Mid/Full-Size SAC/SAV: X5, X6, X7, XM, iX5)",L1_S24_EXHAUST_AND_HV,46.17,45.0,334.9,183.1,842.1,532.4,64.3,66.0,WF-800V-8891,PASSED,0.12,2026-09-03T10:50:45.117159+00:00
4USBM917152,12,BMW XM (High-Performance PHEV),PHEV,"Assembly Hall 52 (Mid/Full-Size SAC/SAV: X5, X6, X7, XM, iX5)",L1_S32_DOORS_AND_INTERIOR,45.9,45.0,356.3,180.9,842.5,555.9,57.2,58.0,WF-800V-8891,PASSED,0.03,2026-09-03T10:50:33.117159+00:00
4USBM917152,12,BMW XM (High-Performance PHEV),PHEV,"Assembly Hall 52 (Mid/Full-Size SAC/SAV: X5, X6, X7, XM, iX5)",L1_S40_GLAZING_AND_SEALING,47.0,45.0,324.7,188.4,838.7,565.2,52.2,52.0,WF-800V-8891,PASSED,0.02,2026-09-03T10:50:22.117159+00:00
4USBM917152,12,BMW XM (High-Performance PHEV),PHEV,"Assembly Hall 52 (Mid/Full-Size SAC/SAV: X5, X6, X7, XM, iX5)",L1_S50_FINAL_LINE_ROLLOFF,44.57,45.0,324.3,179.8,862.0,567.2,59.7,64.0,WF-800V-8891,PASSED,0.01,2026-09-03T10:50:44.117159+00:00
4USBM417216,13,BMW X5,PHEV,"Assembly Hall 52 (Mid/Full-Size SAC/SAV: X5, X6, X7, XM, iX5)",L1_S01_CHASSIS_INTAKE,44.35,45.0,332.2,182.0,844.1,537.0,47.9,50.0,WF-800V-9291,PASSED,0.09,2026-09-03T10:51:13.117159+00:00
4USBM417216,13,BMW X5,PHEV,"Assembly Hall 52 (Mid/Full-Size SAC/SAV: X5, X6, X7, XM, iX5)",L1_S05_UNDERBODY_PREP,43.59,45.0,351.6,192.3,794.0,528.6,58.7,58.0,WF-800V-9291,PASSED,0.03,2026-09-03T10:51:14.117159+00:00
4USBM417216,13,BMW X5,PHEV,"Assembly Hall 52 (Mid/Full-Size SAC/SAV: X5, X6, X7, XM, iX5)",L1_S12_BATTERY_MARRIAGE,67.11,65.0,333.4,186.8,809.1,551.3,60.3,64.0,WF-800V-9291,PASSED,0.12,2026-09-03T10:51:18.117159+00:00
4USBM417216,13,BMW X5,PHEV,"Assembly Hall 52 (Mid/Full-Size SAC/SAV: X5, X6, X7, XM, iX5)",L1_S18_POWERTRAIN_DROP,44.08,45.0,340.7,184.0,766.7,535.4,68.1,72.0,WF-800V-9291,PASSED,0.06,2026-09-03T10:51:27.117159+00:00
4USBM417216,13,BMW X5,PHEV,"Assembly Hall 52 (Mid/Full-Size SAC/SAV: X5, X6, X7, XM, iX5)",L1_S24_EXHAUST_AND_HV,45.64,45.0,341.8,185.5,834.4,535.8,67.6,66.0,WF-800V-9291,PASSED,0.05,2026-09-03T10:51:48.117159+00:00
4USBM417216,13,BMW X5,PHEV,"Assembly Hall 52 (Mid/Full-Size SAC/SAV: X5, X6, X7, XM, iX5)",L1_S32_DOORS_AND_INTERIOR,46.13,45.0,349.5,192.9,786.5,546.0,57.3,58.0,WF-800V-9291,PASSED,0.08,2026-09-03T10:51:50.117159+00:00
4USBM417216,13,BMW X5,PHEV,"Assembly Hall 52 (Mid/Full-Size SAC/SAV: X5, X6, X7, XM, iX5)",L1_S40_GLAZING_AND_SEALING,45.68,45.0,341.5,180.0,826.9,535.5,51.2,52.0,WF-800V-9291,PASSED,0.05,2026-09-03T10:51:24.117159+00:00
4USBM417216,13,BMW X5,PHEV,"Assembly Hall 52 (Mid/Full-Size SAC/SAV: X5, X6, X7, XM, iX5)",L1_S50_FINAL_LINE_ROLLOFF,45.8,45.0,324.5,189.4,804.2,541.5,69.6,64.0,WF-800V-9291,PASSED,0.05,2026-09-03T10:51:19.117159+00:00
4USBM295954,14,BMW X5,PHEV,"Assembly Hall 52 (Mid/Full-Size SAC/SAV: X5, X6, X7, XM, iX5)",L1_S01_CHASSIS_INTAKE,46.15,45.0,340.2,185.9,845.8,541.4,52.9,50.0,WF-800V-9106,PASSED,0.07,2026-09-03T10:52:45.117159+00:00
4USBM295954,14,BMW X5,PHEV,"Assembly Hall 52 (Mid/Full-Size SAC/SAV: X5, X6, X7, XM, iX5)",L1_S05_UNDERBODY_PREP,46.55,45.0,349.0,186.4,830.8,531.0,56.2,58.0,WF-800V-9106,PASSED,0.14,2026-09-03T10:52:09.117159+00:00
4USBM295954,14,BMW X5,PHEV,"Assembly Hall 52 (Mid/Full-Size SAC/SAV: X5, X6, X7, XM, iX5)",L1_S12_BATTERY_MARRIAGE,64.88,65.0,336.3,189.5,773.3,567.4,67.1,64.0,WF-800V-9106,PASSED,0.14,2026-09-03T10:52:26.117159+00:00
4USBM295954,14,BMW X5,PHEV,"Assembly Hall 52 (Mid/Full-Size SAC/SAV: X5, X6, X7, XM, iX5)",L1_S18_POWERTRAIN_DROP,44.85,45.0,352.7,193.3,815.2,566.4,70.1,72.0,WF-800V-9106,PASSED,0.14,2026-09-03T10:52:46.117159+00:00
4USBM295954,14,BMW X5,PHEV,"Assembly Hall 52 (Mid/Full-Size SAC/SAV: X5, X6, X7, XM, iX5)",L1_S24_EXHAUST_AND_HV,43.58,45.0,328.4,182.7,803.8,545.0,69.4,66.0,WF-800V-9106,PASSED,0.02,2026-09-03T10:52:38.117159+00:00
4USBM295954,14,BMW X5,PHEV,"Assembly Hall 52 (Mid/Full-Size SAC/SAV: X5, X6, X7, XM, iX5)",L1_S32_DOORS_AND_INTERIOR,46.33,45.0,340.2,185.3,823.9,533.0,56.8,58.0,WF-800V-9106,PASSED,0.11,2026-09-03T10:52:34.117159+00:00
4USBM295954,14,BMW X5,PHEV,"Assembly Hall 52 (Mid/Full-Size SAC/SAV: X5, X6, X7, XM, iX5)",L1_S40_GLAZING_AND_SEALING,46.06,45.0,329.4,187.3,852.2,522.9,47.6,52.0,WF-800V-9106,PASSED,0.12,2026-09-03T10:52:20.117159+00:00
4USBM295954,14,BMW X5,PHEV,"Assembly Hall 52 (Mid/Full-Size SAC/SAV: X5, X6, X7, XM, iX5)",L1_S50_FINAL_LINE_ROLLOFF,44.43,45.0,343.6,183.2,809.6,570.8,62.9,64.0,WF-800V-9106,PASSED,0.12,2026-09-03T10:52:35.117159+00:00
4USBM464044,15,BMW X7,ICE,"Assembly Hall 52 (Mid/Full-Size SAC/SAV: X5, X6, X7, XM, iX5)",L1_S01_CHASSIS_INTAKE,47.19,45.0,0.0,193.1,821.4,999.0,46.6,48.0,N/A_ICE,PASSED,0.09,2026-09-03T10:53:11.117159+00:00
4USBM464044,15,BMW X7,ICE,"Assembly Hall 52 (Mid/Full-Size SAC/SAV: X5, X6, X7, XM, iX5)",L1_S05_UNDERBODY_PREP,45.31,45.0,0.0,181.7,828.1,999.0,57.9,54.0,N/A_ICE,PASSED,0.1,2026-09-03T10:53:36.117159+00:00
4USBM464044,15,BMW X7,ICE,"Assembly Hall 52 (Mid/Full-Size SAC/SAV: X5, X6, X7, XM, iX5)",L1_S12_BATTERY_MARRIAGE,66.86,65.0,0.0,190.9,826.4,999.0,34.6,32.0,N/A_ICE,PASSED,0.1,2026-09-03T10:53:10.117159+00:00
4USBM464044,15,BMW X7,ICE,"Assembly Hall 52 (Mid/Full-Size SAC/SAV: X5, X6, X7, XM, iX5)",L1_S18_POWERTRAIN_DROP,46.77,45.0,0.0,191.2,848.2,999.0,71.6,68.0,N/A_ICE,PASSED,0.08,2026-09-03T10:53:14.117159+00:00
4USBM464044,15,BMW X7,ICE,"Assembly Hall 52 (Mid/Full-Size SAC/SAV: X5, X6, X7, XM, iX5)",L1_S24_EXHAUST_AND_HV,45.03,45.0,0.0,184.5,850.7,999.0,62.7,62.0,N/A_ICE,PASSED,0.02,2026-09-03T10:53:24.117159+00:00
4USBM464044,15,BMW X7,ICE,"Assembly Hall 52 (Mid/Full-Size SAC/SAV: X5, X6, X7, XM, iX5)",L1_S32_DOORS_AND_INTERIOR,45.35,45.0,0.0,184.9,837.5,999.0,61.4,56.0,N/A_ICE,PASSED,0.14,2026-09-03T10:53:25.117159+00:00
4USBM464044,15,BMW X7,ICE,"Assembly Hall 52 (Mid/Full-Size SAC/SAV: X5, X6, X7, XM, iX5)",L1_S40_GLAZING_AND_SEALING,44.09,45.0,0.0,181.8,806.7,999.0,51.7,52.0,N/A_ICE,PASSED,0.14,2026-09-03T10:53:15.117159+00:00
4USBM464044,15,BMW X7,ICE,"Assembly Hall 52 (Mid/Full-Size SAC/SAV: X5, X6, X7, XM, iX5)",L1_S50_FINAL_LINE_ROLLOFF,44.27,45.0,0.0,183.6,852.4,999.0,59.3,58.0,N/A_ICE,PASSED,0.11,2026-09-03T10:53:25.117159+00:00
4USBM918388,16,BMW X5,PHEV,"Assembly Hall 52 (Mid/Full-Size SAC/SAV: X5, X6, X7, XM, iX5)",L1_S01_CHASSIS_INTAKE,45.38,45.0,342.3,181.4,850.8,515.0,49.5,50.0,WF-800V-9501,PASSED,0.04,2026-09-03T10:54:07.117159+00:00
4USBM918388,16,BMW X5,PHEV,"Assembly Hall 52 (Mid/Full-Size SAC/SAV: X5, X6, X7, XM, iX5)",L1_S05_UNDERBODY_PREP,45.39,45.0,367.9,190.6,827.4,531.4,55.6,58.0,WF-800V-9501,PASSED,0.01,2026-09-03T10:54:14.117159+00:00
4USBM918388,16,BMW X5,PHEV,"Assembly Hall 52 (Mid/Full-Size SAC/SAV: X5, X6, X7, XM, iX5)",L1_S12_BATTERY_MARRIAGE,64.65,65.0,348.9,187.5,795.2,531.7,64.1,64.0,WF-800V-9501,PASSED,0.09,2026-09-03T10:54:04.117159+00:00
4USBM918388,16,BMW X5,PHEV,"Assembly Hall 52 (Mid/Full-Size SAC/SAV: X5, X6, X7, XM, iX5)",L1_S18_POWERTRAIN_DROP,43.72,45.0,318.1,187.0,830.9,557.5,69.0,72.0,WF-800V-9501,PASSED,0.13,2026-09-03T10:54:06.117159+00:00
4USBM918388,16,BMW X5,PHEV,"Assembly Hall 52 (Mid/Full-Size SAC/SAV: X5, X6, X7, XM, iX5)",L1_S24_EXHAUST_AND_HV,44.45,45.0,335.9,182.3,830.0,557.2,65.9,66.0,WF-800V-9501,PASSED,0.05,2026-09-03T10:54:12.117159+00:00
4USBM918388,16,BMW X5,PHEV,"Assembly Hall 52 (Mid/Full-Size SAC/SAV: X5, X6, X7, XM, iX5)",L1_S32_DOORS_AND_INTERIOR,42.48,45.0,330.5,196.5,797.8,538.3,55.9,58.0,WF-800V-9501,PASSED,0.06,2026-09-03T10:54:34.117159+00:00
4USBM918388,16,BMW X5,PHEV,"Assembly Hall 52 (Mid/Full-Size SAC/SAV: X5, X6, X7, XM, iX5)",L1_S40_GLAZING_AND_SEALING,45.53,45.0,341.8,192.6,831.0,565.2,52.2,52.0,WF-800V-9501,PASSED,0.08,2026-09-03T10:53:59.117159+00:00
4USBM918388,16,BMW X5,PHEV,"Assembly Hall 52 (Mid/Full-Size SAC/SAV: X5, X6, X7, XM, iX5)",L1_S50_FINAL_LINE_ROLLOFF,43.49,45.0,351.7,184.8,824.3,565.9,65.1,64.0,WF-800V-9501,PASSED,0.09,2026-09-03T10:54:32.117159+00:00
4USBM413710,17,BMW XM (High-Performance PHEV),PHEV,"Assembly Hall 52 (Mid/Full-Size SAC/SAV: X5, X6, X7, XM, iX5)",L1_S01_CHASSIS_INTAKE,44.35,45.0,347.2,189.0,839.7,527.7,47.7,50.0,WF-800V-9692,PASSED,0.12,2026-09-03T10:55:05.117159+00:00
4USBM413710,17,BMW XM (High-Performance PHEV),PHEV,"Assembly Hall 52 (Mid/Full-Size SAC/SAV: X5, X6, X7, XM, iX5)",L1_S05_UNDERBODY_PREP,48.34,45.0,335.2,183.5,889.9,557.0,56.6,58.0,WF-800V-9692,PASSED,0.14,2026-09-03T10:55:02.117159+00:00
4USBM413710,17,BMW XM (High-Performance PHEV),PHEV,"Assembly Hall 52 (Mid/Full-Size SAC/SAV: X5, X6, X7, XM, iX5)",L1_S12_BATTERY_MARRIAGE,66.76,65.0,333.1,188.3,810.5,539.5,62.9,64.0,WF-800V-9692,PASSED,0.08,2026-09-03T10:54:54.117159+00:00
4USBM413710,17,BMW XM (High-Performance PHEV),PHEV,"Assembly Hall 52 (Mid/Full-Size SAC/SAV: X5, X6, X7, XM, iX5)",L1_S18_POWERTRAIN_DROP,46.42,45.0,349.2,186.7,839.6,535.6,71.6,72.0,WF-800V-9692,PASSED,0.14,2026-09-03T10:55:22.117159+00:00
4USBM413710,17,BMW XM (High-Performance PHEV),PHEV,"Assembly Hall 52 (Mid/Full-Size SAC/SAV: X5, X6, X7, XM, iX5)",L1_S24_EXHAUST_AND_HV,45.61,45.0,360.5,178.4,873.8,525.3,68.7,66.0,WF-800V-9692,PASSED,0.03,2026-09-03T10:55:31.117159+00:00
4USBM413710,17,BMW XM (High-Performance PHEV),PHEV,"Assembly Hall 52 (Mid/Full-Size SAC/SAV: X5, X6, X7, XM, iX5)",L1_S32_DOORS_AND_INTERIOR,43.64,45.0,339.3,195.7,825.1,553.7,58.3,58.0,WF-800V-9692,PASSED,0.01,2026-09-03T10:54:57.117159+00:00
4USBM413710,17,BMW XM (High-Performance PHEV),PHEV,"Assembly Hall 52 (Mid/Full-Size SAC/SAV: X5, X6, X7, XM, iX5)",L1_S40_GLAZING_AND_SEALING,44.23,45.0,366.9,177.2,795.2,566.1,49.6,52.0,WF-800V-9692,PASSED,0.06,2026-09-03T10:55:04.117159+00:00
4USBM413710,17,BMW XM (High-Performance PHEV),PHEV,"Assembly Hall 52 (Mid/Full-Size SAC/SAV: X5, X6, X7, XM, iX5)",L1_S50_FINAL_LINE_ROLLOFF,47.83,45.0,336.9,182.8,849.3,556.7,64.5,64.0,WF-800V-9692,PASSED,0.08,2026-09-03T10:55:11.117159+00:00
4USBM265504,18,BMW XM (High-Performance PHEV),PHEV,"Assembly Hall 52 (Mid/Full-Size SAC/SAV: X5, X6, X7, XM, iX5)",L1_S01_CHASSIS_INTAKE,45.54,45.0,327.1,182.5,801.2,543.7,49.2,50.0,WF-800V-8993,PASSED,0.05,2026-09-03T10:56:21.117159+00:00
4USBM265504,18,BMW XM (High-Performance PHEV),PHEV,"Assembly Hall 52 (Mid/Full-Size SAC/SAV: X5, X6, X7, XM, iX5)",L1_S05_UNDERBODY_PREP,44.44,45.0,350.8,182.9,885.3,564.1,57.5,58.0,WF-800V-8993,PASSED,0.08,2026-09-03T10:55:50.117159+00:00
4USBM265504,18,BMW XM (High-Performance PHEV),PHEV,"Assembly Hall 52 (Mid/Full-Size SAC/SAV: X5, X6, X7, XM, iX5)",L1_S12_BATTERY_MARRIAGE,65.34,65.0,338.7,181.4,850.5,538.1,63.3,64.0,WF-800V-8993,PASSED,0.09,2026-09-03T10:56:05.117159+00:00
4USBM265504,18,BMW XM (High-Performance PHEV),PHEV,"Assembly Hall 52 (Mid/Full-Size SAC/SAV: X5, X6, X7, XM, iX5)",L1_S18_POWERTRAIN_DROP,44.24,45.0,351.2,179.6,808.1,576.1,76.0,72.0,WF-800V-8993,PASSED,0.07,2026-09-03T10:55:52.117159+00:00
4USBM265504,18,BMW XM (High-Performance PHEV),PHEV,"Assembly Hall 52 (Mid/Full-Size SAC/SAV: X5, X6, X7, XM, iX5)",L1_S24_EXHAUST_AND_HV,46.13,45.0,349.1,188.4,822.7,571.1,61.9,66.0,WF-800V-8993,PASSED,0.04,2026-09-03T10:55:57.117159+00:00
4USBM265504,18,BMW XM (High-Performance PHEV),PHEV,"Assembly Hall 52 (Mid/Full-Size SAC/SAV: X5, X6, X7, XM, iX5)",L1_S32_DOORS_AND_INTERIOR,44.2,45.0,333.6,181.7,815.3,558.9,59.5,58.0,WF-800V-8993,PASSED,0.03,2026-09-03T10:55:49.117159+00:00
4USBM265504,18,BMW XM (High-Performance PHEV),PHEV,"Assembly Hall 52 (Mid/Full-Size SAC/SAV: X5, X6, X7, XM, iX5)",L1_S40_GLAZING_AND_SEALING,44.46,45.0,329.4,183.4,833.6,553.2,49.2,52.0,WF-800V-8993,PASSED,0.09,2026-09-03T10:56:26.117159+00:00
4USBM265504,18,BMW XM (High-Performance PHEV),PHEV,"Assembly Hall 52 (Mid/Full-Size SAC/SAV: X5, X6, X7, XM, iX5)",L1_S50_FINAL_LINE_ROLLOFF,45.69,45.0,341.0,191.4,828.4,540.4,66.5,64.0,WF-800V-8993,PASSED,0.1,2026-09-03T10:56:23.117159+00:00
4USBM383752,19,BMW X7,ICE,"Assembly Hall 52 (Mid/Full-Size SAC/SAV: X5, X6, X7, XM, iX5)",L1_S01_CHASSIS_INTAKE,44.4,45.0,0.0,187.4,804.1,999.0,48.8,48.0,N/A_ICE,PASSED,0.05,2026-09-03T10:56:48.117159+00:00
4USBM383752,19,BMW X7,ICE,"Assembly Hall 52 (Mid/Full-Size SAC/SAV: X5, X6, X7, XM, iX5)",L1_S05_UNDERBODY_PREP,45.9,45.0,0.0,186.1,827.8,999.0,50.4,54.0,N/A_ICE,PASSED,0.11,2026-09-03T10:56:51.117159+00:00
4USBM383752,19,BMW X7,ICE,"Assembly Hall 52 (Mid/Full-Size SAC/SAV: X5, X6, X7, XM, iX5)",L1_S12_BATTERY_MARRIAGE,63.8,65.0,0.0,185.6,825.4,999.0,29.5,32.0,N/A_ICE,PASSED,0.14,2026-09-03T10:57:11.117159+00:00
4USBM383752,19,BMW X7,ICE,"Assembly Hall 52 (Mid/Full-Size SAC/SAV: X5, X6, X7, XM, iX5)",L1_S18_POWERTRAIN_DROP,45.08,45.0,0.0,184.5,826.1,999.0,66.7,68.0,N/A_ICE,PASSED,0.11,2026-09-03T10:57:13.117159+00:00
4USBM383752,19,BMW X7,ICE,"Assembly Hall 52 (Mid/Full-Size SAC/SAV: X5, X6, X7, XM, iX5)",L1_S24_EXHAUST_AND_HV,46.74,45.0,0.0,183.4,824.1,999.0,58.9,62.0,N/A_ICE,PASSED,0.07,2026-09-03T10:56:43.117159+00:00
4USBM383752,19,BMW X7,ICE,"Assembly Hall 52 (Mid/Full-Size SAC/SAV: X5, X6, X7, XM, iX5)",L1_S32_DOORS_AND_INTERIOR,44.54,45.0,0.0,178.1,800.2,999.0,60.1,56.0,N/A_ICE,PASSED,0.06,2026-09-03T10:56:51.117159+00:00
4USBM383752,19,BMW X7,ICE,"Assembly Hall 52 (Mid/Full-Size SAC/SAV: X5, X6, X7, XM, iX5)",L1_S40_GLAZING_AND_SEALING,45.4,45.0,0.0,187.6,803.5,999.0,53.5,52.0,N/A_ICE,PASSED,0.08,2026-09-03T10:56:59.117159+00:00
4USBM383752,19,BMW X7,ICE,"Assembly Hall 52 (Mid/Full-Size SAC/SAV: X5, X6, X7, XM, iX5)",L1_S50_FINAL_LINE_ROLLOFF,45.55,45.0,0.0,190.5,847.2,999.0,54.7,58.0,N/A_ICE,PASSED,0.01,2026-09-03T10:57:17.117159+00:00
4USBM610906,20,BMW iX5 Hydrogen/BEV,BEV,"Assembly Hall 52 (Mid/Full-Size SAC/SAV: X5, X6, X7, XM, iX5)",L1_S01_CHASSIS_INTAKE,43.91,45.0,327.7,188.9,842.4,557.9,53.8,52.0,WF-800V-9098,PASSED,0.05,2026-09-03T10:58:16.117159+00:00
4USBM610906,20,BMW iX5 Hydrogen/BEV,BEV,"Assembly Hall 52 (Mid/Full-Size SAC/SAV: X5, X6, X7, XM, iX5)",L1_S05_UNDERBODY_PREP,45.48,45.0,340.6,181.4,846.0,545.0,65.3,62.0,WF-800V-9098,PASSED,0.06,2026-09-03T10:57:51.117159+00:00
4USBM610906,20,BMW iX5 Hydrogen/BEV,BEV,"Assembly Hall 52 (Mid/Full-Size SAC/SAV: X5, X6, X7, XM, iX5)",L1_S12_BATTERY_MARRIAGE,66.53,65.0,333.8,184.4,802.0,538.4,73.6,74.0,WF-800V-9098,PASSED,0.09,2026-09-03T10:58:01.117159+00:00
4USBM610906,20,BMW iX5 Hydrogen/BEV,BEV,"Assembly Hall 52 (Mid/Full-Size SAC/SAV: X5, X6, X7, XM, iX5)",L1_S18_POWERTRAIN_DROP,46.19,45.0,345.1,182.7,793.3,555.8,45.1,46.0,WF-800V-9098,PASSED,0.08,2026-09-03T10:58:11.117159+00:00
4USBM610906,20,BMW iX5 Hydrogen/BEV,BEV,"Assembly Hall 52 (Mid/Full-Size SAC/SAV: X5, X6, X7, XM, iX5)",L1_S24_EXHAUST_AND_HV,45.77,45.0,323.3,191.4,824.7,560.5,45.5,44.0,WF-800V-9098,PASSED,0.11,2026-09-03T10:58:14.117159+00:00
4USBM610906,20,BMW iX5 Hydrogen/BEV,BEV,"Assembly Hall 52 (Mid/Full-Size SAC/SAV: X5, X6, X7, XM, iX5)",L1_S32_DOORS_AND_INTERIOR,45.0,45.0,330.9,187.3,790.8,550.0,60.4,60.0,WF-800V-9098,PASSED,0.11,2026-09-03T10:57:42.117159+00:00
4USBM610906,20,BMW iX5 Hydrogen/BEV,BEV,"Assembly Hall 52 (Mid/Full-Size SAC/SAV: X5, X6, X7, XM, iX5)",L1_S40_GLAZING_AND_SEALING,42.1,45.0,331.7,180.7,815.5,542.9,51.9,54.0,WF-800V-9098,PASSED,0.13,2026-09-03T10:58:02.117159+00:00
4USBM610906,20,BMW iX5 Hydrogen/BEV,BEV,"Assembly Hall 52 (Mid/Full-Size SAC/SAV: X5, X6, X7, XM, iX5)",L1_S50_FINAL_LINE_ROLLOFF,43.94,45.0,335.2,184.4,808.3,535.5,62.8,66.0,WF-800V-9098,PASSED,0.1,2026-09-03T10:58:15.117159+00:00
4USBM401398,21,BMW XM (High-Performance PHEV),PHEV,"Assembly Hall 52 (Mid/Full-Size SAC/SAV: X5, X6, X7, XM, iX5)",L1_S01_CHASSIS_INTAKE,42.85,45.0,346.1,186.6,755.9,591.0,51.7,50.0,WF-800V-9913,PASSED,0.03,2026-09-03T10:59:10.117159+00:00
4USBM401398,21,BMW XM (High-Performance PHEV),PHEV,"Assembly Hall 52 (Mid/Full-Size SAC/SAV: X5, X6, X7, XM, iX5)",L1_S05_UNDERBODY_PREP,45.81,45.0,340.4,184.8,836.4,563.5,51.2,58.0,WF-800V-9913,PASSED,0.11,2026-09-03T10:58:54.117159+00:00
4USBM401398,21,BMW XM (High-Performance PHEV),PHEV,"Assembly Hall 52 (Mid/Full-Size SAC/SAV: X5, X6, X7, XM, iX5)",L1_S12_BATTERY_MARRIAGE,65.67,65.0,347.3,179.5,822.7,557.6,63.9,64.0,WF-800V-9913,PASSED,0.05,2026-09-03T10:59:03.117159+00:00
4USBM401398,21,BMW XM (High-Performance PHEV),PHEV,"Assembly Hall 52 (Mid/Full-Size SAC/SAV: X5, X6, X7, XM, iX5)",L1_S18_POWERTRAIN_DROP,45.42,45.0,329.3,187.0,837.8,570.7,67.0,72.0,WF-800V-9913,PASSED,0.03,2026-09-03T10:58:44.117159+00:00
4USBM401398,21,BMW XM (High-Performance PHEV),PHEV,"Assembly Hall 52 (Mid/Full-Size SAC/SAV: X5, X6, X7, XM, iX5)",L1_S24_EXHAUST_AND_HV,45.72,45.0,348.2,181.2,807.8,540.5,66.4,66.0,WF-800V-9913,PASSED,0.04,2026-09-03T10:59:01.117159+00:00
4USBM401398,21,BMW XM (High-Performance PHEV),PHEV,"Assembly Hall 52 (Mid/Full-Size SAC/SAV: X5, X6, X7, XM, iX5)",L1_S32_DOORS_AND_INTERIOR,43.98,45.0,327.4,188.7,846.9,548.2,58.4,58.0,WF-800V-9913,PASSED,0.1,2026-09-03T10:58:37.117159+00:00
4USBM401398,21,BMW XM (High-Performance PHEV),PHEV,"Assembly Hall 52 (Mid/Full-Size SAC/SAV: X5, X6, X7, XM, iX5)",L1_S40_GLAZING_AND_SEALING,43.63,45.0,329.2,186.0,838.5,538.9,55.2,52.0,WF-800V-9913,PASSED,0.02,2026-09-03T10:58:57.117159+00:00
4USBM401398,21,BMW XM (High-Performance PHEV),PHEV,"Assembly Hall 52 (Mid/Full-Size SAC/SAV: X5, X6, X7, XM, iX5)",L1_S50_FINAL_LINE_ROLLOFF,44.32,45.0,347.7,187.1,797.5,572.6,65.4,64.0,WF-800V-9913,PASSED,0.14,2026-09-03T10:58:41.117159+00:00
4USBM231833,22,BMW iX5 Hydrogen/BEV,BEV,"Assembly Hall 52 (Mid/Full-Size SAC/SAV: X5, X6, X7, XM, iX5)",L1_S01_CHASSIS_INTAKE,45.26,45.0,317.9,184.8,850.2,573.4,54.5,52.0,WF-800V-9296,PASSED,0.13,2026-09-03T10:59:29.117159+00:00
4USBM231833,22,BMW iX5 Hydrogen/BEV,BEV,"Assembly Hall 52 (Mid/Full-Size SAC/SAV: X5, X6, X7, XM, iX5)",L1_S05_UNDERBODY_PREP,44.07,45.0,331.2,174.4,834.4,559.6,61.6,62.0,WF-800V-9296,PASSED,0.08,2026-09-03T10:59:53.117159+00:00
4USBM231833,22,BMW iX5 Hydrogen/BEV,BEV,"Assembly Hall 52 (Mid/Full-Size SAC/SAV: X5, X6, X7, XM, iX5)",L1_S12_BATTERY_MARRIAGE,65.31,65.0,330.6,197.5,816.2,551.0,70.9,74.0,WF-800V-9296,PASSED,0.14,2026-09-03T10:59:59.117159+00:00
4USBM231833,22,BMW iX5 Hydrogen/BEV,BEV,"Assembly Hall 52 (Mid/Full-Size SAC/SAV: X5, X6, X7, XM, iX5)",L1_S18_POWERTRAIN_DROP,45.8,45.0,344.7,188.4,828.0,568.1,44.6,46.0,WF-800V-9296,PASSED,0.15,2026-09-03T10:59:48.117159+00:00
4USBM231833,22,BMW iX5 Hydrogen/BEV,BEV,"Assembly Hall 52 (Mid/Full-Size SAC/SAV: X5, X6, X7, XM, iX5)",L1_S24_EXHAUST_AND_HV,46.81,45.0,334.4,192.0,823.2,553.1,44.5,44.0,WF-800V-9296,PASSED,0.05,2026-09-03T10:59:36.117159+00:00
4USBM231833,22,BMW iX5 Hydrogen/BEV,BEV,"Assembly Hall 52 (Mid/Full-Size SAC/SAV: X5, X6, X7, XM, iX5)",L1_S32_DOORS_AND_INTERIOR,45.89,45.0,341.3,185.7,827.0,544.4,56.8,60.0,WF-800V-9296,PASSED,0.11,2026-09-03T10:59:40.117159+00:00
4USBM231833,22,BMW iX5 Hydrogen/BEV,BEV,"Assembly Hall 52 (Mid/Full-Size SAC/SAV: X5, X6, X7, XM, iX5)",L1_S40_GLAZING_AND_SEALING,45.5,45.0,341.3,177.2,812.1,592.8,51.8,54.0,WF-800V-9296,PASSED,0.02,2026-09-03T10:59:51.117159+00:00
4USBM231833,22,BMW iX5 Hydrogen/BEV,BEV,"Assembly Hall 52 (Mid/Full-Size SAC/SAV: X5, X6, X7, XM, iX5)",L1_S50_FINAL_LINE_ROLLOFF,43.74,45.0,340.8,186.1,813.1,573.6,69.4,66.0,WF-800V-9296,PASSED,0.09,2026-09-03T10:59:37.117159+00:00
4USBM316389,23,BMW X5,PHEV,"Assembly Hall 52 (Mid/Full-Size SAC/SAV: X5, X6, X7, XM, iX5)",L1_S01_CHASSIS_INTAKE,45.49,45.0,345.3,188.4,832.7,546.3,49.6,50.0,WF-800V-9797,PASSED,0.05,2026-09-03T11:00:54.117159+00:00
4USBM316389,23,BMW X5,PHEV,"Assembly Hall 52 (Mid/Full-Size SAC/SAV: X5, X6, X7, XM, iX5)",L1_S05_UNDERBODY_PREP,46.27,45.0,364.5,182.9,814.9,532.0,62.0,58.0,WF-800V-9797,PASSED,0.07,2026-09-03T11:00:42.117159+00:00
4USBM316389,23,BMW X5,PHEV,"Assembly Hall 52 (Mid/Full-Size SAC/SAV: X5, X6, X7, XM, iX5)",L1_S12_BATTERY_MARRIAGE,67.13,65.0,319.7,192.0,837.0,561.7,63.9,64.0,WF-800V-9797,PASSED,0.08,2026-09-03T11:00:58.117159+00:00
4USBM316389,23,BMW X5,PHEV,"Assembly Hall 52 (Mid/Full-Size SAC/SAV: X5, X6, X7, XM, iX5)",L1_S18_POWERTRAIN_DROP,45.7,45.0,341.3,190.8,797.7,556.3,69.1,72.0,WF-800V-9797,PASSED,0.15,2026-09-03T11:00:48.117159+00:00
4USBM316389,23,BMW X5,PHEV,"Assembly Hall 52 (Mid/Full-Size SAC/SAV: X5, X6, X7, XM, iX5)",L1_S24_EXHAUST_AND_HV,45.58,45.0,341.1,187.0,842.7,559.5,64.1,66.0,WF-800V-9797,PASSED,0.13,2026-09-03T11:00:58.117159+00:00
4USBM316389,23,BMW X5,PHEV,"Assembly Hall 52 (Mid/Full-Size SAC/SAV: X5, X6, X7, XM, iX5)",L1_S32_DOORS_AND_INTERIOR,45.8,45.0,325.0,186.2,822.3,560.6,60.6,58.0,WF-800V-9797,PASSED,0.05,2026-09-03T11:00:23.117159+00:00
4USBM316389,23,BMW X5,PHEV,"Assembly Hall 52 (Mid/Full-Size SAC/SAV: X5, X6, X7, XM, iX5)",L1_S40_GLAZING_AND_SEALING,46.9,45.0,344.2,186.1,820.2,537.7,46.6,52.0,WF-800V-9797,PASSED,0.08,2026-09-03T11:00:35.117159+00:00
4USBM316389,23,BMW X5,PHEV,"Assembly Hall 52 (Mid/Full-Size SAC/SAV: X5, X6, X7, XM, iX5)",L1_S50_FINAL_LINE_ROLLOFF,44.49,45.0,343.7,183.9,844.1,555.8,63.2,64.0,WF-800V-9797,PASSED,0.08,2026-09-03T11:00:47.117159+00:00
4USBM624820,24,BMW X5,PHEV,"Assembly Hall 52 (Mid/Full-Size SAC/SAV: X5, X6, X7, XM, iX5)",L1_S01_CHASSIS_INTAKE,43.71,45.0,341.6,182.8,844.8,556.6,47.1,50.0,WF-800V-8843,PASSED,0.14,2026-09-03T11:01:17.117159+00:00
4USBM624820,24,BMW X5,PHEV,"Assembly Hall 52 (Mid/Full-Size SAC/SAV: X5, X6, X7, XM, iX5)",L1_S05_UNDERBODY_PREP,44.29,45.0,334.0,184.3,869.6,530.2,57.9,58.0,WF-800V-8843,PASSED,0.02,2026-09-03T11:01:50.117159+00:00
4USBM624820,24,BMW X5,PHEV,"Assembly Hall 52 (Mid/Full-Size SAC/SAV: X5, X6, X7, XM, iX5)",L1_S12_BATTERY_MARRIAGE,66.73,65.0,351.3,183.0,846.7,519.9,64.5,64.0,WF-800V-8843,PASSED,0.02,2026-09-03T11:01:25.117159+00:00
4USBM624820,24,BMW X5,PHEV,"Assembly Hall 52 (Mid/Full-Size SAC/SAV: X5, X6, X7, XM, iX5)",L1_S18_POWERTRAIN_DROP,44.08,45.0,354.1,187.5,814.6,549.9,72.9,72.0,WF-800V-8843,PASSED,0.05,2026-09-03T11:01:46.117159+00:00
4USBM624820,24,BMW X5,PHEV,"Assembly Hall 52 (Mid/Full-Size SAC/SAV: X5, X6, X7, XM, iX5)",L1_S24_EXHAUST_AND_HV,45.91,45.0,341.7,187.5,797.7,536.5,65.1,66.0,WF-800V-8843,PASSED,0.13,2026-09-03T11:01:51.117159+00:00
4USBM624820,24,BMW X5,PHEV,"Assembly Hall 52 (Mid/Full-Size SAC/SAV: X5, X6, X7, XM, iX5)",L1_S32_DOORS_AND_INTERIOR,45.22,45.0,333.3,176.2,800.7,544.4,63.7,58.0,WF-800V-8843,PASSED,0.04,2026-09-03T11:01:24.117159+00:00
4USBM624820,24,BMW X5,PHEV,"Assembly Hall 52 (Mid/Full-Size SAC/SAV: X5, X6, X7, XM, iX5)",L1_S40_GLAZING_AND_SEALING,43.88,45.0,344.6,188.6,806.9,542.2,51.9,52.0,WF-800V-8843,PASSED,0.06,2026-09-03T11:01:29.117159+00:00
4USBM624820,24,BMW X5,PHEV,"Assembly Hall 52 (Mid/Full-Size SAC/SAV: X5, X6, X7, XM, iX5)",L1_S50_FINAL_LINE_ROLLOFF,42.71,45.0,342.1,190.1,835.2,555.1,61.9,64.0,WF-800V-8843,PASSED,0.1,2026-09-03T11:01:39.117159+00:00
4USBM164317,25,BMW X5,ICE,"Assembly Hall 52 (Mid/Full-Size SAC/SAV: X5, X6, X7, XM, iX5)",L1_S01_CHASSIS_INTAKE,43.97,45.0,0.0,190.7,864.2,999.0,44.0,48.0,N/A_ICE,PASSED,0.09,2026-09-03T11:02:30.117159+00:00
4USBM164317,25,BMW X5,ICE,"Assembly Hall 52 (Mid/Full-Size SAC/SAV: X5, X6, X7, XM, iX5)",L1_S05_UNDERBODY_PREP,45.78,45.0,0.0,179.1,842.8,999.0,52.9,54.0,N/A_ICE,PASSED,0.13,2026-09-03T11:02:19.117159+00:00
4USBM164317,25,BMW X5,ICE,"Assembly Hall 52 (Mid/Full-Size SAC/SAV: X5, X6, X7, XM, iX5)",L1_S12_BATTERY_MARRIAGE,65.31,65.0,0.0,185.1,815.6,999.0,29.2,32.0,N/A_ICE,PASSED,0.12,2026-09-03T11:02:26.117159+00:00
4USBM164317,25,BMW X5,ICE,"Assembly Hall 52 (Mid/Full-Size SAC/SAV: X5, X6, X7, XM, iX5)",L1_S18_POWERTRAIN_DROP,45.0,45.0,0.0,189.3,849.6,999.0,68.7,68.0,N/A_ICE,PASSED,0.07,2026-09-03T11:02:35.117159+00:00
4USBM164317,25,BMW X5,ICE,"Assembly Hall 52 (Mid/Full-Size SAC/SAV: X5, X6, X7, XM, iX5)",L1_S24_EXHAUST_AND_HV,45.65,45.0,0.0,186.3,803.3,999.0,67.8,62.0,N/A_ICE,PASSED,0.07,2026-09-03T11:02:47.117159+00:00
4USBM164317,25,BMW X5,ICE,"Assembly Hall 52 (Mid/Full-Size SAC/SAV: X5, X6, X7, XM, iX5)",L1_S32_DOORS_AND_INTERIOR,48.04,45.0,0.0,176.2,778.7,999.0,50.4,56.0,N/A_ICE,PASSED,0.06,2026-09-03T11:02:45.117159+00:00
4USBM164317,25,BMW X5,ICE,"Assembly Hall 52 (Mid/Full-Size SAC/SAV: X5, X6, X7, XM, iX5)",L1_S40_GLAZING_AND_SEALING,44.38,45.0,0.0,188.3,858.9,999.0,50.1,52.0,N/A_ICE,PASSED,0.15,2026-09-03T11:02:30.117159+00:00
4USBM164317,25,BMW X5,ICE,"Assembly Hall 52 (Mid/Full-Size SAC/SAV: X5, X6, X7, XM, iX5)",L1_S50_FINAL_LINE_ROLLOFF,45.65,45.0,0.0,192.5,849.4,999.0,56.7,58.0,N/A_ICE,PASSED,0.12,2026-09-03T11:02:20.117159+00:00
4USBM208973,26,BMW X5,ICE,"Assembly Hall 52 (Mid/Full-Size SAC/SAV: X5, X6, X7, XM, iX5)",L1_S01_CHASSIS_INTAKE,43.26,45.0,0.0,187.9,790.2,999.0,50.2,48.0,N/A_ICE,PASSED,0.1,2026-09-03T11:03:10.117159+00:00
4USBM208973,26,BMW X5,ICE,"Assembly Hall 52 (Mid/Full-Size SAC/SAV: X5, X6, X7, XM, iX5)",L1_S05_UNDERBODY_PREP,41.13,45.0,0.0,190.4,842.8,999.0,50.8,54.0,N/A_ICE,PASSED,0.02,2026-09-03T11:03:43.117159+00:00
4USBM208973,26,BMW X5,ICE,"Assembly Hall 52 (Mid/Full-Size SAC/SAV: X5, X6, X7, XM, iX5)",L1_S12_BATTERY_MARRIAGE,61.72,65.0,0.0,181.1,792.3,999.0,35.9,32.0,N/A_ICE,PASSED,0.08,2026-09-03T11:03:18.117159+00:00
4USBM208973,26,BMW X5,ICE,"Assembly Hall 52 (Mid/Full-Size SAC/SAV: X5, X6, X7, XM, iX5)",L1_S18_POWERTRAIN_DROP,45.77,45.0,0.0,186.9,791.7,999.0,74.1,68.0,N/A_ICE,PASSED,0.13,2026-09-03T11:03:13.117159+00:00
4USBM208973,26,BMW X5,ICE,"Assembly Hall 52 (Mid/Full-Size SAC/SAV: X5, X6, X7, XM, iX5)",L1_S24_EXHAUST_AND_HV,43.58,45.0,0.0,191.7,845.1,999.0,62.5,62.0,N/A_ICE,PASSED,0.11,2026-09-03T11:03:26.117159+00:00
4USBM208973,26,BMW X5,ICE,"Assembly Hall 52 (Mid/Full-Size SAC/SAV: X5, X6, X7, XM, iX5)",L1_S32_DOORS_AND_INTERIOR,44.01,45.0,0.0,192.0,818.0,999.0,57.1,56.0,N/A_ICE,PASSED,0.04,2026-09-03T11:03:10.117159+00:00
4USBM208973,26,BMW X5,ICE,"Assembly Hall 52 (Mid/Full-Size SAC/SAV: X5, X6, X7, XM, iX5)",L1_S40_GLAZING_AND_SEALING,46.09,45.0,0.0,176.7,781.3,999.0,50.3,52.0,N/A_ICE,PASSED,0.12,2026-09-03T11:03:38.117159+00:00
4USBM208973,26,BMW X5,ICE,"Assembly Hall 52 (Mid/Full-Size SAC/SAV: X5, X6, X7, XM, iX5)",L1_S50_FINAL_LINE_ROLLOFF,45.24,45.0,0.0,181.9,799.6,999.0,61.2,58.0,N/A_ICE,PASSED,0.11,2026-09-03T11:03:15.117159+00:00
4USBM588854,27,BMW iX5 Hydrogen/BEV,BEV,"Assembly Hall 52 (Mid/Full-Size SAC/SAV: X5, X6, X7, XM, iX5)",L1_S01_CHASSIS_INTAKE,47.1,45.0,350.5,189.7,834.8,534.5,52.7,52.0,WF-800V-9643,PASSED,0.08,2026-09-03T11:04:26.117159+00:00
4USBM588854,27,BMW iX5 Hydrogen/BEV,BEV,"Assembly Hall 52 (Mid/Full-Size SAC/SAV: X5, X6, X7, XM, iX5)",L1_S05_UNDERBODY_PREP,45.98,45.0,330.6,182.7,792.9,561.4,61.1,62.0,WF-800V-9643,PASSED,0.05,2026-09-03T11:04:03.117159+00:00
4USBM588854,27,BMW iX5 Hydrogen/BEV,BEV,"Assembly Hall 52 (Mid/Full-Size SAC/SAV: X5, X6, X7, XM, iX5)",L1_S12_BATTERY_MARRIAGE,63.74,65.0,332.4,185.5,855.9,554.8,71.1,74.0,WF-800V-9643,PASSED,0.09,2026-09-03T11:04:41.117159+00:00
4USBM588854,27,BMW iX5 Hydrogen/BEV,BEV,"Assembly Hall 52 (Mid/Full-Size SAC/SAV: X5, X6, X7, XM, iX5)",L1_S18_POWERTRAIN_DROP,46.11,45.0,334.2,199.0,811.6,553.1,44.4,46.0,WF-800V-9643,PASSED,0.03,2026-09-03T11:04:37.117159+00:00
4USBM588854,27,BMW iX5 Hydrogen/BEV,BEV,"Assembly Hall 52 (Mid/Full-Size SAC/SAV: X5, X6, X7, XM, iX5)",L1_S24_EXHAUST_AND_HV,43.61,45.0,347.1,183.3,828.8,563.9,47.4,44.0,WF-800V-9643,PASSED,0.03,2026-09-03T11:04:27.117159+00:00
4USBM588854,27,BMW iX5 Hydrogen/BEV,BEV,"Assembly Hall 52 (Mid/Full-Size SAC/SAV: X5, X6, X7, XM, iX5)",L1_S32_DOORS_AND_INTERIOR,45.98,45.0,336.0,188.6,794.7,569.4,59.3,60.0,WF-800V-9643,PASSED,0.14,2026-09-03T11:04:13.117159+00:00
4USBM588854,27,BMW iX5 Hydrogen/BEV,BEV,"Assembly Hall 52 (Mid/Full-Size SAC/SAV: X5, X6, X7, XM, iX5)",L1_S40_GLAZING_AND_SEALING,44.74,45.0,321.6,181.4,860.0,550.7,55.5,54.0,WF-800V-9643,PASSED,0.06,2026-09-03T11:04:08.117159+00:00
4USBM588854,27,BMW iX5 Hydrogen/BEV,BEV,"Assembly Hall 52 (Mid/Full-Size SAC/SAV: X5, X6, X7, XM, iX5)",L1_S50_FINAL_LINE_ROLLOFF,45.91,45.0,338.4,190.2,817.0,564.3,66.4,66.0,WF-800V-9643,PASSED,0.07,2026-09-03T11:04:10.117159+00:00
4USBM560137,28,BMW X5,PHEV,"Assembly Hall 52 (Mid/Full-Size SAC/SAV: X5, X6, X7, XM, iX5)",L1_S01_CHASSIS_INTAKE,44.94,45.0,340.1,179.3,815.5,552.5,54.6,50.0,WF-800V-9227,PASSED,0.07,2026-09-03T11:04:58.117159+00:00
4USBM560137,28,BMW X5,PHEV,"Assembly Hall 52 (Mid/Full-Size SAC/SAV: X5, X6, X7, XM, iX5)",L1_S05_UNDERBODY_PREP,42.78,45.0,331.6,179.2,850.9,551.5,56.8,58.0,WF-800V-9227,PASSED,0.13,2026-09-03T11:05:08.117159+00:00
4USBM560137,28,BMW X5,PHEV,"Assembly Hall 52 (Mid/Full-Size SAC/SAV: X5, X6, X7, XM, iX5)",L1_S12_BATTERY_MARRIAGE,65.24,65.0,352.8,183.2,814.1,550.1,60.8,64.0,WF-800V-9227,PASSED,0.09,2026-09-03T11:05:11.117159+00:00
4USBM560137,28,BMW X5,PHEV,"Assembly Hall 52 (Mid/Full-Size SAC/SAV: X5, X6, X7, XM, iX5)",L1_S18_POWERTRAIN_DROP,46.64,45.0,355.1,186.4,829.7,543.0,67.7,72.0,WF-800V-9227,PASSED,0.12,2026-09-03T11:05:27.117159+00:00
4USBM560137,28,BMW X5,PHEV,"Assembly Hall 52 (Mid/Full-Size SAC/SAV: X5, X6, X7, XM, iX5)",L1_S24_EXHAUST_AND_HV,43.99,45.0,365.6,182.5,786.4,548.7,63.5,66.0,WF-800V-9227,PASSED,0.12,2026-09-03T11:05:15.117159+00:00
4USBM560137,28,BMW X5,PHEV,"Assembly Hall 52 (Mid/Full-Size SAC/SAV: X5, X6, X7, XM, iX5)",L1_S32_DOORS_AND_INTERIOR,45.63,45.0,353.4,185.1,824.0,542.3,55.9,58.0,WF-800V-9227,PASSED,0.04,2026-09-03T11:05:07.117159+00:00
4USBM560137,28,BMW X5,PHEV,"Assembly Hall 52 (Mid/Full-Size SAC/SAV: X5, X6, X7, XM, iX5)",L1_S40_GLAZING_AND_SEALING,46.79,45.0,353.2,183.5,809.1,568.2,54.9,52.0,WF-800V-9227,PASSED,0.12,2026-09-03T11:05:11.117159+00:00
4USBM560137,28,BMW X5,PHEV,"Assembly Hall 52 (Mid/Full-Size SAC/SAV: X5, X6, X7, XM, iX5)",L1_S50_FINAL_LINE_ROLLOFF,42.77,45.0,343.3,191.0,794.0,553.7,60.9,64.0,WF-800V-9227,PASSED,0.13,2026-09-03T11:05:18.117159+00:00
4USBM231567,29,BMW X5,PHEV,"Assembly Hall 52 (Mid/Full-Size SAC/SAV: X5, X6, X7, XM, iX5)",L1_S01_CHASSIS_INTAKE,46.68,45.0,349.9,183.9,817.7,548.3,51.4,50.0,WF-800V-9974,PASSED,0.01,2026-09-03T11:06:01.117159+00:00
4USBM231567,29,BMW X5,PHEV,"Assembly Hall 52 (Mid/Full-Size SAC/SAV: X5, X6, X7, XM, iX5)",L1_S05_UNDERBODY_PREP,44.26,45.0,351.7,189.0,796.1,520.3,56.9,58.0,WF-800V-9974,PASSED,0.08,2026-09-03T11:06:04.117159+00:00
4USBM231567,29,BMW X5,PHEV,"Assembly Hall 52 (Mid/Full-Size SAC/SAV: X5, X6, X7, XM, iX5)",L1_S12_BATTERY_MARRIAGE,64.88,65.0,330.7,185.0,810.8,598.2,59.4,64.0,WF-800V-9974,PASSED,0.08,2026-09-03T11:06:06.117159+00:00
4USBM231567,29,BMW X5,PHEV,"Assembly Hall 52 (Mid/Full-Size SAC/SAV: X5, X6, X7, XM, iX5)",L1_S18_POWERTRAIN_DROP,45.37,45.0,337.4,192.1,842.2,539.4,69.5,72.0,WF-800V-9974,PASSED,0.06,2026-09-03T11:06:16.117159+00:00
4USBM231567,29,BMW X5,PHEV,"Assembly Hall 52 (Mid/Full-Size SAC/SAV: X5, X6, X7, XM, iX5)",L1_S24_EXHAUST_AND_HV,45.21,45.0,330.0,185.0,848.2,557.5,62.4,66.0,WF-800V-9974,PASSED,0.05,2026-09-03T11:06:05.117159+00:00
4USBM231567,29,BMW X5,PHEV,"Assembly Hall 52 (Mid/Full-Size SAC/SAV: X5, X6, X7, XM, iX5)",L1_S32_DOORS_AND_INTERIOR,44.65,45.0,354.4,190.0,817.4,562.6,57.2,58.0,WF-800V-9974,PASSED,0.06,2026-09-03T11:06:20.117159+00:00
4USBM231567,29,BMW X5,PHEV,"Assembly Hall 52 (Mid/Full-Size SAC/SAV: X5, X6, X7, XM, iX5)",L1_S40_GLAZING_AND_SEALING,46.34,45.0,331.8,187.4,813.6,545.3,52.3,52.0,WF-800V-9974,PASSED,0.14,2026-09-03T11:06:19.117159+00:00
4USBM231567,29,BMW X5,PHEV,"Assembly Hall 52 (Mid/Full-Size SAC/SAV: X5, X6, X7, XM, iX5)",L1_S50_FINAL_LINE_ROLLOFF,43.44,45.0,327.3,179.8,799.8,537.1,62.7,64.0,WF-800V-9974,PASSED,0.01,2026-09-03T11:06:01.117159+00:00
4USBM334568,30,BMW X5,PHEV,"Assembly Hall 52 (Mid/Full-Size SAC/SAV: X5, X6, X7, XM, iX5)",L1_S01_CHASSIS_INTAKE,43.3,45.0,340.7,191.1,847.5,549.5,52.0,50.0,WF-800V-8927,PASSED,0.07,2026-09-03T11:07:14.117159+00:00
4USBM334568,30,BMW X5,PHEV,"Assembly Hall 52 (Mid/Full-Size SAC/SAV: X5, X6, X7, XM, iX5)",L1_S05_UNDERBODY_PREP,44.76,45.0,358.3,195.0,860.4,552.0,59.4,58.0,WF-800V-8927,PASSED,0.14,2026-09-03T11:07:18.117159+00:00
4USBM334568,30,BMW X5,PHEV,"Assembly Hall 52 (Mid/Full-Size SAC/SAV: X5, X6, X7, XM, iX5)",L1_S12_BATTERY_MARRIAGE,64.04,65.0,346.8,176.7,807.0,564.4,60.6,64.0,WF-800V-8927,PASSED,0.07,2026-09-03T11:07:11.117159+00:00
4USBM334568,30,BMW X5,PHEV,"Assembly Hall 52 (Mid/Full-Size SAC/SAV: X5, X6, X7, XM, iX5)",L1_S18_POWERTRAIN_DROP,45.48,45.0,338.8,193.9,853.9,566.8,73.6,72.0,WF-800V-8927,PASSED,0.05,2026-09-03T11:07:26.117159+00:00
4USBM334568,30,BMW X5,PHEV,"Assembly Hall 52 (Mid/Full-Size SAC/SAV: X5, X6, X7, XM, iX5)",L1_S24_EXHAUST_AND_HV,44.68,45.0,344.7,187.6,827.9,521.8,67.8,66.0,WF-800V-8927,PASSED,0.08,2026-09-03T11:07:10.117159+00:00
4USBM334568,30,BMW X5,PHEV,"Assembly Hall 52 (Mid/Full-Size SAC/SAV: X5, X6, X7, XM, iX5)",L1_S32_DOORS_AND_INTERIOR,44.75,45.0,342.6,175.6,825.7,538.2,58.5,58.0,WF-800V-8927,PASSED,0.04,2026-09-03T11:06:57.117159+00:00
4USBM334568,30,BMW X5,PHEV,"Assembly Hall 52 (Mid/Full-Size SAC/SAV: X5, X6, X7, XM, iX5)",L1_S40_GLAZING_AND_SEALING,45.31,45.0,345.4,184.1,796.8,556.0,50.3,52.0,WF-800V-8927,PASSED,0.02,2026-09-03T11:07:13.117159+00:00
4USBM334568,30,BMW X5,PHEV,"Assembly Hall 52 (Mid/Full-Size SAC/SAV: X5, X6, X7, XM, iX5)",L1_S50_FINAL_LINE_ROLLOFF,46.34,45.0,353.0,188.9,837.0,545.9,64.8,64.0,WF-800V-8927,PASSED,0.04,2026-09-03T11:07:06.117159+00:00
4USBM473534,31,BMW iX5 Hydrogen/BEV,BEV,"Assembly Hall 52 (Mid/Full-Size SAC/SAV: X5, X6, X7, XM, iX5)",L1_S01_CHASSIS_INTAKE,45.34,45.0,340.0,185.6,832.7,537.6,56.3,52.0,WF-800V-9849,PASSED,0.14,2026-09-03T11:07:58.117159+00:00
4USBM473534,31,BMW iX5 Hydrogen/BEV,BEV,"Assembly Hall 52 (Mid/Full-Size SAC/SAV: X5, X6, X7, XM, iX5)",L1_S05_UNDERBODY_PREP,46.6,45.0,324.9,189.2,800.3,547.4,63.1,62.0,WF-800V-9849,PASSED,0.08,2026-09-03T11:08:20.117159+00:00
4USBM473534,31,BMW iX5 Hydrogen/BEV,BEV,"Assembly Hall 52 (Mid/Full-Size SAC/SAV: X5, X6, X7, XM, iX5)",L1_S12_BATTERY_MARRIAGE,66.03,65.0,345.5,185.4,828.6,561.1,74.8,74.0,WF-800V-9849,PASSED,0.05,2026-09-03T11:08:17.117159+00:00
4USBM473534,31,BMW iX5 Hydrogen/BEV,BEV,"Assembly Hall 52 (Mid/Full-Size SAC/SAV: X5, X6, X7, XM, iX5)",L1_S18_POWERTRAIN_DROP,46.78,45.0,345.1,187.1,825.8,531.7,45.9,46.0,WF-800V-9849,PASSED,0.06,2026-09-03T11:07:42.117159+00:00
4USBM473534,31,BMW iX5 Hydrogen/BEV,BEV,"Assembly Hall 52 (Mid/Full-Size SAC/SAV: X5, X6, X7, XM, iX5)",L1_S24_EXHAUST_AND_HV,46.63,45.0,340.7,184.1,817.8,521.6,48.5,44.0,WF-800V-9849,PASSED,0.06,2026-09-03T11:07:57.117159+00:00
4USBM473534,31,BMW iX5 Hydrogen/BEV,BEV,"Assembly Hall 52 (Mid/Full-Size SAC/SAV: X5, X6, X7, XM, iX5)",L1_S32_DOORS_AND_INTERIOR,44.74,45.0,324.6,187.9,808.2,544.7,57.1,60.0,WF-800V-9849,PASSED,0.07,2026-09-03T11:07:58.117159+00:00
4USBM473534,31,BMW iX5 Hydrogen/BEV,BEV,"Assembly Hall 52 (Mid/Full-Size SAC/SAV: X5, X6, X7, XM, iX5)",L1_S40_GLAZING_AND_SEALING,44.67,45.0,332.7,187.5,805.1,563.0,55.6,54.0,WF-800V-9849,PASSED,0.03,2026-09-03T11:08:13.117159+00:00
4USBM473534,31,BMW iX5 Hydrogen/BEV,BEV,"Assembly Hall 52 (Mid/Full-Size SAC/SAV: X5, X6, X7, XM, iX5)",L1_S50_FINAL_LINE_ROLLOFF,44.11,45.0,342.2,180.7,836.6,562.1,64.0,66.0,WF-800V-9849,PASSED,0.07,2026-09-03T11:07:53.117159+00:00
4USBM131152,32,BMW X5,PHEV,"Assembly Hall 52 (Mid/Full-Size SAC/SAV: X5, X6, X7, XM, iX5)",L1_S01_CHASSIS_INTAKE,44.39,45.0,336.3,180.6,846.6,541.8,49.0,50.0,WF-800V-8956,PASSED,0.12,2026-09-03T11:09:13.117159+00:00
4USBM131152,32,BMW X5,PHEV,"Assembly Hall 52 (Mid/Full-Size SAC/SAV: X5, X6, X7, XM, iX5)",L1_S05_UNDERBODY_PREP,46.03,45.0,331.4,193.1,791.1,558.5,59.4,58.0,WF-800V-8956,PASSED,0.1,2026-09-03T11:08:59.117159+00:00
4USBM131152,32,BMW X5,PHEV,"Assembly Hall 52 (Mid/Full-Size SAC/SAV: X5, X6, X7, XM, iX5)",L1_S12_BATTERY_MARRIAGE,64.19,65.0,345.6,184.7,827.5,553.5,66.5,64.0,WF-800V-8956,PASSED,0.15,2026-09-03T11:08:38.117159+00:00
4USBM131152,32,BMW X5,PHEV,"Assembly Hall 52 (Mid/Full-Size SAC/SAV: X5, X6, X7, XM, iX5)",L1_S18_POWERTRAIN_DROP,45.45,45.0,354.5,185.7,836.3,545.0,70.0,72.0,WF-800V-8956,PASSED,0.11,2026-09-03T11:08:43.117159+00:00
4USBM131152,32,BMW X5,PHEV,"Assembly Hall 52 (Mid/Full-Size SAC/SAV: X5, X6, X7, XM, iX5)",L1_S24_EXHAUST_AND_HV,44.94,45.0,347.3,185.4,778.0,534.3,67.3,66.0,WF-800V-8956,PASSED,0.1,2026-09-03T11:08:42.117159+00:00
4USBM131152,32,BMW X5,PHEV,"Assembly Hall 52 (Mid/Full-Size SAC/SAV: X5, X6, X7, XM, iX5)",L1_S32_DOORS_AND_INTERIOR,45.15,45.0,307.8,188.9,830.9,538.1,57.0,58.0,WF-800V-8956,PASSED,0.04,2026-09-03T11:08:38.117159+00:00
4USBM131152,32,BMW X5,PHEV,"Assembly Hall 52 (Mid/Full-Size SAC/SAV: X5, X6, X7, XM, iX5)",L1_S40_GLAZING_AND_SEALING,46.3,45.0,355.1,187.2,828.5,567.2,53.1,52.0,WF-800V-8956,PASSED,0.03,2026-09-03T11:08:37.117159+00:00
4USBM131152,32,BMW X5,PHEV,"Assembly Hall 52 (Mid/Full-Size SAC/SAV: X5, X6, X7, XM, iX5)",L1_S50_FINAL_LINE_ROLLOFF,46.71,45.0,347.2,189.5,848.0,558.4,60.4,64.0,WF-800V-8956,PASSED,0.13,2026-09-03T11:09:07.117159+00:00
4USBM938080,33,BMW XM (High-Performance PHEV),PHEV,"Assembly Hall 52 (Mid/Full-Size SAC/SAV: X5, X6, X7, XM, iX5)",L1_S01_CHASSIS_INTAKE,44.28,45.0,346.6,190.7,875.7,553.3,52.4,50.0,WF-800V-9606,PASSED,0.05,2026-09-03T11:10:08.117159+00:00
4USBM938080,33,BMW XM (High-Performance PHEV),PHEV,"Assembly Hall 52 (Mid/Full-Size SAC/SAV: X5, X6, X7, XM, iX5)",L1_S05_UNDERBODY_PREP,45.31,45.0,326.6,184.9,829.3,577.5,60.1,58.0,WF-800V-9606,PASSED,0.01,2026-09-03T11:09:43.117159+00:00
4USBM938080,33,BMW XM (High-Performance PHEV),PHEV,"Assembly Hall 52 (Mid/Full-Size SAC/SAV: X5, X6, X7, XM, iX5)",L1_S12_BATTERY_MARRIAGE,73.69,65.0,327.2,181.8,856.5,543.9,70.6,64.0,WF-800V-9606,QUARANTINED_AT_STATION,0.81,2026-09-03T11:09:33.117159+00:00
4USBM938080,33,BMW XM (High-Performance PHEV),PHEV,"Assembly Hall 52 (Mid/Full-Size SAC/SAV: X5, X6, X7, XM, iX5)",L1_S18_POWERTRAIN_DROP,42.78,45.0,344.0,183.7,780.2,545.8,72.7,72.0,WF-800V-9606,PASSED,0.1,2026-09-03T11:09:54.117159+00:00
4USBM938080,33,BMW XM (High-Performance PHEV),PHEV,"Assembly Hall 52 (Mid/Full-Size SAC/SAV: X5, X6, X7, XM, iX5)",L1_S24_EXHAUST_AND_HV,44.16,45.0,319.7,187.4,858.5,548.9,65.0,66.0,WF-800V-9606,PASSED,0.09,2026-09-03T11:09:36.117159+00:00
4USBM938080,33,BMW XM (High-Performance PHEV),PHEV,"Assembly Hall 52 (Mid/Full-Size SAC/SAV: X5, X6, X7, XM, iX5)",L1_S32_DOORS_AND_INTERIOR,44.78,45.0,373.4,186.1,861.1,544.3,61.0,58.0,WF-800V-9606,PASSED,0.05,2026-09-03T11:09:56.117159+00:00
4USBM938080,33,BMW XM (High-Performance PHEV),PHEV,"Assembly Hall 52 (Mid/Full-Size SAC/SAV: X5, X6, X7, XM, iX5)",L1_S40_GLAZING_AND_SEALING,45.43,45.0,329.1,196.6,826.7,543.0,51.0,52.0,WF-800V-9606,PASSED,0.07,2026-09-03T11:09:32.117159+00:00
4USBM938080,33,BMW XM (High-Performance PHEV),PHEV,"Assembly Hall 52 (Mid/Full-Size SAC/SAV: X5, X6, X7, XM, iX5)",L1_S50_FINAL_LINE_ROLLOFF,44.98,45.0,328.1,187.0,816.4,571.1,65.6,64.0,WF-800V-9606,PASSED,0.01,2026-09-03T11:10:10.117159+00:00
4USBM545336,34,BMW XM (High-Performance PHEV),PHEV,"Assembly Hall 52 (Mid/Full-Size SAC/SAV: X5, X6, X7, XM, iX5)",L1_S01_CHASSIS_INTAKE,46.0,45.0,355.0,187.1,836.8,560.2,51.7,50.0,WF-800V-9967,PASSED,0.07,2026-09-03T11:10:52.117159+00:00
4USBM545336,34,BMW XM (High-Performance PHEV),PHEV,"Assembly Hall 52 (Mid/Full-Size SAC/SAV: X5, X6, X7, XM, iX5)",L1_S05_UNDERBODY_PREP,46.82,45.0,322.1,181.4,775.8,547.3,57.8,58.0,WF-800V-9967,PASSED,0.12,2026-09-03T11:10:36.117159+00:00
4USBM545336,34,BMW XM (High-Performance PHEV),PHEV,"Assembly Hall 52 (Mid/Full-Size SAC/SAV: X5, X6, X7, XM, iX5)",L1_S12_BATTERY_MARRIAGE,65.04,65.0,343.1,181.1,841.6,565.3,57.0,64.0,WF-800V-9967,PASSED,0.09,2026-09-03T11:10:46.117159+00:00
4USBM545336,34,BMW XM (High-Performance PHEV),PHEV,"Assembly Hall 52 (Mid/Full-Size SAC/SAV: X5, X6, X7, XM, iX5)",L1_S18_POWERTRAIN_DROP,45.47,45.0,332.8,178.4,768.0,532.6,71.2,72.0,WF-800V-9967,PASSED,0.02,2026-09-03T11:10:35.117159+00:00
4USBM545336,34,BMW XM (High-Performance PHEV),PHEV,"Assembly Hall 52 (Mid/Full-Size SAC/SAV: X5, X6, X7, XM, iX5)",L1_S24_EXHAUST_AND_HV,46.59,45.0,329.4,193.5,789.3,566.7,64.5,66.0,WF-800V-9967,PASSED,0.14,2026-09-03T11:10:49.117159+00:00
4USBM545336,34,BMW XM (High-Performance PHEV),PHEV,"Assembly Hall 52 (Mid/Full-Size SAC/SAV: X5, X6, X7, XM, iX5)",L1_S32_DOORS_AND_INTERIOR,45.36,45.0,368.8,186.3,813.4,537.9,55.5,58.0,WF-800V-9967,PASSED,0.11,2026-09-03T11:10:47.117159+00:00
4USBM545336,34,BMW XM (High-Performance PHEV),PHEV,"Assembly Hall 52 (Mid/Full-Size SAC/SAV: X5, X6, X7, XM, iX5)",L1_S40_GLAZING_AND_SEALING,44.75,45.0,336.0,182.8,799.7,563.5,55.0,52.0,WF-800V-9967,PASSED,0.15,2026-09-03T11:10:50.117159+00:00
4USBM545336,34,BMW XM (High-Performance PHEV),PHEV,"Assembly Hall 52 (Mid/Full-Size SAC/SAV: X5, X6, X7, XM, iX5)",L1_S50_FINAL_LINE_ROLLOFF,47.79,45.0,351.0,183.0,831.0,557.1,69.8,64.0,WF-800V-9967,PASSED,0.04,2026-09-03T11:11:02.117159+00:00
4USBM182250,35,BMW X5,ICE,"Assembly Hall 52 (Mid/Full-Size SAC/SAV: X5, X6, X7, XM, iX5)",L1_S01_CHASSIS_INTAKE,45.0,45.0,0.0,188.2,800.7,999.0,49.7,48.0,N/A_ICE,PASSED,0.02,2026-09-03T11:11:26.117159+00:00
4USBM182250,35,BMW X5,ICE,"Assembly Hall 52 (Mid/Full-Size SAC/SAV: X5, X6, X7, XM, iX5)",L1_S05_UNDERBODY_PREP,44.03,45.0,0.0,182.1,792.7,999.0,49.8,54.0,N/A_ICE,PASSED,0.07,2026-09-03T11:11:24.117159+00:00
4USBM182250,35,BMW X5,ICE,"Assembly Hall 52 (Mid/Full-Size SAC/SAV: X5, X6, X7, XM, iX5)",L1_S12_BATTERY_MARRIAGE,63.3,65.0,0.0,180.5,873.6,999.0,32.5,32.0,N/A_ICE,PASSED,0.15,2026-09-03T11:11:33.117159+00:00
4USBM182250,35,BMW X5,ICE,"Assembly Hall 52 (Mid/Full-Size SAC/SAV: X5, X6, X7, XM, iX5)",L1_S18_POWERTRAIN_DROP,47.1,45.0,0.0,176.3,834.1,999.0,66.3,68.0,N/A_ICE,PASSED,0.07,2026-09-03T11:11:56.117159+00:00
4USBM182250,35,BMW X5,ICE,"Assembly Hall 52 (Mid/Full-Size SAC/SAV: X5, X6, X7, XM, iX5)",L1_S24_EXHAUST_AND_HV,45.58,45.0,0.0,181.6,813.2,999.0,59.8,62.0,N/A_ICE,PASSED,0.05,2026-09-03T11:11:46.117159+00:00
4USBM182250,35,BMW X5,ICE,"Assembly Hall 52 (Mid/Full-Size SAC/SAV: X5, X6, X7, XM, iX5)",L1_S32_DOORS_AND_INTERIOR,43.04,45.0,0.0,181.9,832.9,999.0,52.8,56.0,N/A_ICE,PASSED,0.04,2026-09-03T11:11:58.117159+00:00
4USBM182250,35,BMW X5,ICE,"Assembly Hall 52 (Mid/Full-Size SAC/SAV: X5, X6, X7, XM, iX5)",L1_S40_GLAZING_AND_SEALING,44.59,45.0,0.0,179.8,794.9,999.0,53.1,52.0,N/A_ICE,PASSED,0.03,2026-09-03T11:11:31.117159+00:00
4USBM182250,35,BMW X5,ICE,"Assembly Hall 52 (Mid/Full-Size SAC/SAV: X5, X6, X7, XM, iX5)",L1_S50_FINAL_LINE_ROLLOFF,46.1,45.0,0.0,199.6,828.5,999.0,58.7,58.0,N/A_ICE,PASSED,0.03,2026-09-03T11:11:58.117159+00:00
4USBM855678,36,BMW iX5 Hydrogen/BEV,BEV,"Assembly Hall 52 (Mid/Full-Size SAC/SAV: X5, X6, X7, XM, iX5)",L1_S01_CHASSIS_INTAKE,44.95,45.0,354.0,183.1,849.0,565.6,51.5,52.0,WF-800V-9679,PASSED,0.14,2026-09-03T11:12:39.117159+00:00
4USBM855678,36,BMW iX5 Hydrogen/BEV,BEV,"Assembly Hall 52 (Mid/Full-Size SAC/SAV: X5, X6, X7, XM, iX5)",L1_S05_UNDERBODY_PREP,45.22,45.0,362.5,183.2,797.5,542.2,62.2,62.0,WF-800V-9679,PASSED,0.1,2026-09-03T11:12:28.117159+00:00
4USBM855678,36,BMW iX5 Hydrogen/BEV,BEV,"Assembly Hall 52 (Mid/Full-Size SAC/SAV: X5, X6, X7, XM, iX5)",L1_S12_BATTERY_MARRIAGE,65.23,65.0,335.6,178.9,814.3,561.8,77.4,74.0,WF-800V-9679,PASSED,0.03,2026-09-03T11:12:46.117159+00:00
4USBM855678,36,BMW iX5 Hydrogen/BEV,BEV,"Assembly Hall 52 (Mid/Full-Size SAC/SAV: X5, X6, X7, XM, iX5)",L1_S18_POWERTRAIN_DROP,43.67,45.0,335.6,191.8,843.5,553.0,44.5,46.0,WF-800V-9679,PASSED,0.15,2026-09-03T11:12:52.117159+00:00
4USBM855678,36,BMW iX5 Hydrogen/BEV,BEV,"Assembly Hall 52 (Mid/Full-Size SAC/SAV: X5, X6, X7, XM, iX5)",L1_S24_EXHAUST_AND_HV,45.61,45.0,357.1,188.6,841.8,561.9,49.0,44.0,WF-800V-9679,PASSED,0.14,2026-09-03T11:12:38.117159+00:00
4USBM855678,36,BMW iX5 Hydrogen/BEV,BEV,"Assembly Hall 52 (Mid/Full-Size SAC/SAV: X5, X6, X7, XM, iX5)",L1_S32_DOORS_AND_INTERIOR,44.99,45.0,341.3,182.9,839.7,566.2,58.7,60.0,WF-800V-9679,PASSED,0.09,2026-09-03T11:12:50.117159+00:00
4USBM855678,36,BMW iX5 Hydrogen/BEV,BEV,"Assembly Hall 52 (Mid/Full-Size SAC/SAV: X5, X6, X7, XM, iX5)",L1_S40_GLAZING_AND_SEALING,45.08,45.0,344.2,189.3,774.8,563.3,55.3,54.0,WF-800V-9679,PASSED,0.06,2026-09-03T11:12:53.117159+00:00
4USBM855678,36,BMW iX5 Hydrogen/BEV,BEV,"Assembly Hall 52 (Mid/Full-Size SAC/SAV: X5, X6, X7, XM, iX5)",L1_S50_FINAL_LINE_ROLLOFF,46.46,45.0,336.6,185.8,830.9,555.6,64.7,66.0,WF-800V-9679,PASSED,0.07,2026-09-03T11:12:51.117159+00:00
4USBM116784,37,BMW iX5 Hydrogen/BEV,BEV,"Assembly Hall 52 (Mid/Full-Size SAC/SAV: X5, X6, X7, XM, iX5)",L1_S01_CHASSIS_INTAKE,42.89,45.0,352.8,184.6,815.1,562.8,53.6,52.0,WF-800V-8832,PASSED,0.04,2026-09-03T11:13:37.117159+00:00
4USBM116784,37,BMW iX5 Hydrogen/BEV,BEV,"Assembly Hall 52 (Mid/Full-Size SAC/SAV: X5, X6, X7, XM, iX5)",L1_S05_UNDERBODY_PREP,44.95,45.0,352.2,186.2,777.2,545.0,61.7,62.0,WF-800V-8832,PASSED,0.07,2026-09-03T11:13:43.117159+00:00
4USBM116784,37,BMW iX5 Hydrogen/BEV,BEV,"Assembly Hall 52 (Mid/Full-Size SAC/SAV: X5, X6, X7, XM, iX5)",L1_S12_BATTERY_MARRIAGE,66.88,65.0,334.7,183.3,862.5,560.0,74.3,74.0,WF-800V-8832,PASSED,0.07,2026-09-03T11:13:45.117159+00:00
4USBM116784,37,BMW iX5 Hydrogen/BEV,BEV,"Assembly Hall 52 (Mid/Full-Size SAC/SAV: X5, X6, X7, XM, iX5)",L1_S18_POWERTRAIN_DROP,44.8,45.0,349.9,188.6,866.7,566.2,49.1,46.0,WF-800V-8832,PASSED,0.02,2026-09-03T11:13:48.117159+00:00
4USBM116784,37,BMW iX5 Hydrogen/BEV,BEV,"Assembly Hall 52 (Mid/Full-Size SAC/SAV: X5, X6, X7, XM, iX5)",L1_S24_EXHAUST_AND_HV,42.24,45.0,335.8,182.8,788.1,533.9,45.1,44.0,WF-800V-8832,PASSED,0.14,2026-09-03T11:13:22.117159+00:00
4USBM116784,37,BMW iX5 Hydrogen/BEV,BEV,"Assembly Hall 52 (Mid/Full-Size SAC/SAV: X5, X6, X7, XM, iX5)",L1_S32_DOORS_AND_INTERIOR,45.28,45.0,339.0,178.8,791.7,546.9,58.0,60.0,WF-800V-8832,PASSED,0.02,2026-09-03T11:13:27.117159+00:00
4USBM116784,37,BMW iX5 Hydrogen/BEV,BEV,"Assembly Hall 52 (Mid/Full-Size SAC/SAV: X5, X6, X7, XM, iX5)",L1_S40_GLAZING_AND_SEALING,46.44,45.0,341.1,191.1,821.5,581.0,52.2,54.0,WF-800V-8832,PASSED,0.07,2026-09-03T11:13:35.117159+00:00
4USBM116784,37,BMW iX5 Hydrogen/BEV,BEV,"Assembly Hall 52 (Mid/Full-Size SAC/SAV: X5, X6, X7, XM, iX5)",L1_S50_FINAL_LINE_ROLLOFF,45.35,45.0,336.3,191.7,801.2,575.6,59.4,66.0,WF-800V-8832,PASSED,0.1,2026-09-03T11:13:20.117159+00:00
4USBM773565,38,BMW X7,ICE,"Assembly Hall 52 (Mid/Full-Size SAC/SAV: X5, X6, X7, XM, iX5)",L1_S01_CHASSIS_INTAKE,47.46,45.0,0.0,195.0,783.9,999.0,48.8,48.0,N/A_ICE,PASSED,0.08,2026-09-03T11:14:19.117159+00:00
4USBM773565,38,BMW X7,ICE,"Assembly Hall 52 (Mid/Full-Size SAC/SAV: X5, X6, X7, XM, iX5)",L1_S05_UNDERBODY_PREP,46.22,45.0,0.0,189.6,831.3,999.0,50.2,54.0,N/A_ICE,PASSED,0.08,2026-09-03T11:14:32.117159+00:00
4USBM773565,38,BMW X7,ICE,"Assembly Hall 52 (Mid/Full-Size SAC/SAV: X5, X6, X7, XM, iX5)",L1_S12_BATTERY_MARRIAGE,68.15,65.0,0.0,188.1,825.7,999.0,30.4,32.0,N/A_ICE,PASSED,0.05,2026-09-03T11:14:10.117159+00:00
4USBM773565,38,BMW X7,ICE,"Assembly Hall 52 (Mid/Full-Size SAC/SAV: X5, X6, X7, XM, iX5)",L1_S18_POWERTRAIN_DROP,45.15,45.0,0.0,175.6,823.5,999.0,65.9,68.0,N/A_ICE,PASSED,0.13,2026-09-03T11:14:45.117159+00:00
4USBM773565,38,BMW X7,ICE,"Assembly Hall 52 (Mid/Full-Size SAC/SAV: X5, X6, X7, XM, iX5)",L1_S24_EXHAUST_AND_HV,44.43,45.0,0.0,180.5,844.6,999.0,59.3,62.0,N/A_ICE,PASSED,0.05,2026-09-03T11:14:17.117159+00:00
4USBM773565,38,BMW X7,ICE,"Assembly Hall 52 (Mid/Full-Size SAC/SAV: X5, X6, X7, XM, iX5)",L1_S32_DOORS_AND_INTERIOR,43.79,45.0,0.0,184.3,805.8,999.0,58.7,56.0,N/A_ICE,PASSED,0.08,2026-09-03T11:14:08.117159+00:00
4USBM773565,38,BMW X7,ICE,"Assembly Hall 52 (Mid/Full-Size SAC/SAV: X5, X6, X7, XM, iX5)",L1_S40_GLAZING_AND_SEALING,45.2,45.0,0.0,187.4,808.6,999.0,51.6,52.0,N/A_ICE,PASSED,0.04,2026-09-03T11:14:35.117159+00:00
4USBM773565,38,BMW X7,ICE,"Assembly Hall 52 (Mid/Full-Size SAC/SAV: X5, X6, X7, XM, iX5)",L1_S50_FINAL_LINE_ROLLOFF,44.95,45.0,0.0,175.0,782.8,999.0,56.2,58.0,N/A_ICE,PASSED,0.14,2026-09-03T11:14:29.117159+00:00
4USBM639215,39,BMW X5,ICE,"Assembly Hall 52 (Mid/Full-Size SAC/SAV: X5, X6, X7, XM, iX5)",L1_S01_CHASSIS_INTAKE,44.22,45.0,0.0,193.1,764.8,999.0,47.4,48.0,N/A_ICE,PASSED,0.05,2026-09-03T11:15:41.117159+00:00
4USBM639215,39,BMW X5,ICE,"Assembly Hall 52 (Mid/Full-Size SAC/SAV: X5, X6, X7, XM, iX5)",L1_S05_UNDERBODY_PREP,43.85,45.0,0.0,189.9,836.6,999.0,51.8,54.0,N/A_ICE,PASSED,0.1,2026-09-03T11:15:39.117159+00:00
4USBM639215,39,BMW X5,ICE,"Assembly Hall 52 (Mid/Full-Size SAC/SAV: X5, X6, X7, XM, iX5)",L1_S12_BATTERY_MARRIAGE,64.98,65.0,0.0,185.5,773.6,999.0,33.9,32.0,N/A_ICE,PASSED,0.06,2026-09-03T11:15:34.117159+00:00
4USBM639215,39,BMW X5,ICE,"Assembly Hall 52 (Mid/Full-Size SAC/SAV: X5, X6, X7, XM, iX5)",L1_S18_POWERTRAIN_DROP,45.55,45.0,0.0,183.8,824.0,999.0,68.8,68.0,N/A_ICE,PASSED,0.08,2026-09-03T11:15:20.117159+00:00
4USBM639215,39,BMW X5,ICE,"Assembly Hall 52 (Mid/Full-Size SAC/SAV: X5, X6, X7, XM, iX5)",L1_S24_EXHAUST_AND_HV,44.19,45.0,0.0,185.3,855.8,999.0,61.2,62.0,N/A_ICE,PASSED,0.04,2026-09-03T11:15:10.117159+00:00
4USBM639215,39,BMW X5,ICE,"Assembly Hall 52 (Mid/Full-Size SAC/SAV: X5, X6, X7, XM, iX5)",L1_S32_DOORS_AND_INTERIOR,46.08,45.0,0.0,185.2,777.5,999.0,52.5,56.0,N/A_ICE,PASSED,0.12,2026-09-03T11:15:08.117159+00:00
4USBM639215,39,BMW X5,ICE,"Assembly Hall 52 (Mid/Full-Size SAC/SAV: X5, X6, X7, XM, iX5)",L1_S40_GLAZING_AND_SEALING,45.58,45.0,0.0,182.9,765.9,999.0,49.8,52.0,N/A_ICE,PASSED,0.06,2026-09-03T11:15:04.117159+00:00
4USBM639215,39,BMW X5,ICE,"Assembly Hall 52 (Mid/Full-Size SAC/SAV: X5, X6, X7, XM, iX5)",L1_S50_FINAL_LINE_ROLLOFF,43.95,45.0,0.0,182.1,802.0,999.0,59.9,58.0,N/A_ICE,PASSED,0.07,2026-09-03T11:15:15.117159+00:00
4USBM977960,40,BMW X5,PHEV,"Assembly Hall 52 (Mid/Full-Size SAC/SAV: X5, X6, X7, XM, iX5)",L1_S01_CHASSIS_INTAKE,43.51,45.0,337.7,185.6,798.8,524.7,49.6,50.0,WF-800V-9780,PASSED,0.02,2026-09-03T11:15:57.117159+00:00
4USBM977960,40,BMW X5,PHEV,"Assembly Hall 52 (Mid/Full-Size SAC/SAV: X5, X6, X7, XM, iX5)",L1_S05_UNDERBODY_PREP,43.81,45.0,353.0,188.3,823.7,577.8,62.0,58.0,WF-800V-9780,PASSED,0.01,2026-09-03T11:16:24.117159+00:00
4USBM977960,40,BMW X5,PHEV,"Assembly Hall 52 (Mid/Full-Size SAC/SAV: X5, X6, X7, XM, iX5)",L1_S12_BATTERY_MARRIAGE,63.73,65.0,353.5,189.8,811.1,551.7,64.1,64.0,WF-800V-9780,PASSED,0.03,2026-09-03T11:16:19.117159+00:00
4USBM977960,40,BMW X5,PHEV,"Assembly Hall 52 (Mid/Full-Size SAC/SAV: X5, X6, X7, XM, iX5)",L1_S18_POWERTRAIN_DROP,43.44,45.0,340.1,184.0,812.1,582.4,72.3,72.0,WF-800V-9780,PASSED,0.08,2026-09-03T11:16:19.117159+00:00
4USBM977960,40,BMW X5,PHEV,"Assembly Hall 52 (Mid/Full-Size SAC/SAV: X5, X6, X7, XM, iX5)",L1_S24_EXHAUST_AND_HV,46.48,45.0,351.1,184.2,794.0,515.7,64.4,66.0,WF-800V-9780,PASSED,0.01,2026-09-03T11:16:12.117159+00:00
4USBM977960,40,BMW X5,PHEV,"Assembly Hall 52 (Mid/Full-Size SAC/SAV: X5, X6, X7, XM, iX5)",L1_S32_DOORS_AND_INTERIOR,46.67,45.0,340.9,186.4,799.5,542.7,53.6,58.0,WF-800V-9780,PASSED,0.05,2026-09-03T11:16:14.117159+00:00
4USBM977960,40,BMW X5,PHEV,"Assembly Hall 52 (Mid/Full-Size SAC/SAV: X5, X6, X7, XM, iX5)",L1_S40_GLAZING_AND_SEALING,44.54,45.0,349.4,187.5,861.8,543.4,51.2,52.0,WF-800V-9780,PASSED,0.13,2026-09-03T11:16:13.117159+00:00
4USBM977960,40,BMW X5,PHEV,"Assembly Hall 52 (Mid/Full-Size SAC/SAV: X5, X6, X7, XM, iX5)",L1_S50_FINAL_LINE_ROLLOFF,45.75,45.0,332.3,183.5,833.6,572.5,64.3,64.0,WF-800V-9780,PASSED,0.12,2026-09-03T11:15:58.117159+00:00
4USBM868120,41,BMW iX5 Hydrogen/BEV,BEV,"Assembly Hall 52 (Mid/Full-Size SAC/SAV: X5, X6, X7, XM, iX5)",L1_S01_CHASSIS_INTAKE,44.82,45.0,338.7,180.7,828.4,549.3,50.9,52.0,WF-800V-9853,PASSED,0.14,2026-09-03T11:17:20.117159+00:00
4USBM868120,41,BMW iX5 Hydrogen/BEV,BEV,"Assembly Hall 52 (Mid/Full-Size SAC/SAV: X5, X6, X7, XM, iX5)",L1_S05_UNDERBODY_PREP,45.13,45.0,351.7,186.0,827.1,516.5,60.8,62.0,WF-800V-9853,PASSED,0.05,2026-09-03T11:17:01.117159+00:00
4USBM868120,41,BMW iX5 Hydrogen/BEV,BEV,"Assembly Hall 52 (Mid/Full-Size SAC/SAV: X5, X6, X7, XM, iX5)",L1_S12_BATTERY_MARRIAGE,65.41,65.0,339.4,189.3,816.6,563.2,70.4,74.0,WF-800V-9853,PASSED,0.1,2026-09-03T11:16:54.117159+00:00
4USBM868120,41,BMW iX5 Hydrogen/BEV,BEV,"Assembly Hall 52 (Mid/Full-Size SAC/SAV: X5, X6, X7, XM, iX5)",L1_S18_POWERTRAIN_DROP,44.99,45.0,324.8,186.7,773.2,553.1,42.9,46.0,WF-800V-9853,PASSED,0.03,2026-09-03T11:17:03.117159+00:00
4USBM868120,41,BMW iX5 Hydrogen/BEV,BEV,"Assembly Hall 52 (Mid/Full-Size SAC/SAV: X5, X6, X7, XM, iX5)",L1_S24_EXHAUST_AND_HV,48.13,45.0,336.7,183.4,833.9,541.7,39.3,44.0,WF-800V-9853,PASSED,0.12,2026-09-03T11:17:13.117159+00:00
4USBM868120,41,BMW iX5 Hydrogen/BEV,BEV,"Assembly Hall 52 (Mid/Full-Size SAC/SAV: X5, X6, X7, XM, iX5)",L1_S32_DOORS_AND_INTERIOR,44.32,45.0,355.0,185.4,806.1,518.1,60.9,60.0,WF-800V-9853,PASSED,0.04,2026-09-03T11:17:09.117159+00:00
4USBM868120,41,BMW iX5 Hydrogen/BEV,BEV,"Assembly Hall 52 (Mid/Full-Size SAC/SAV: X5, X6, X7, XM, iX5)",L1_S40_GLAZING_AND_SEALING,43.38,45.0,354.2,183.3,837.0,533.6,52.7,54.0,WF-800V-9853,PASSED,0.09,2026-09-03T11:17:25.117159+00:00
4USBM868120,41,BMW iX5 Hydrogen/BEV,BEV,"Assembly Hall 52 (Mid/Full-Size SAC/SAV: X5, X6, X7, XM, iX5)",L1_S50_FINAL_LINE_ROLLOFF,43.94,45.0,347.9,179.6,833.5,575.7,69.5,66.0,WF-800V-9853,PASSED,0.05,2026-09-03T11:17:27.117159+00:00
4USBM502856,42,BMW X5,PHEV,"Assembly Hall 52 (Mid/Full-Size SAC/SAV: X5, X6, X7, XM, iX5)",L1_S01_CHASSIS_INTAKE,45.36,45.0,333.4,176.7,831.6,535.7,50.4,50.0,WF-800V-9164,PASSED,0.03,2026-09-03T11:18:25.117159+00:00
4USBM502856,42,BMW X5,PHEV,"Assembly Hall 52 (Mid/Full-Size SAC/SAV: X5, X6, X7, XM, iX5)",L1_S05_UNDERBODY_PREP,46.71,45.0,343.7,186.9,767.8,559.5,59.5,58.0,WF-800V-9164,PASSED,0.08,2026-09-03T11:18:25.117159+00:00
4USBM502856,42,BMW X5,PHEV,"Assembly Hall 52 (Mid/Full-Size SAC/SAV: X5, X6, X7, XM, iX5)",L1_S12_BATTERY_MARRIAGE,64.05,65.0,326.9,186.5,799.4,571.3,65.0,64.0,WF-800V-9164,PASSED,0.03,2026-09-03T11:17:57.117159+00:00
4USBM502856,42,BMW X5,PHEV,"Assembly Hall 52 (Mid/Full-Size SAC/SAV: X5, X6, X7, XM, iX5)",L1_S18_POWERTRAIN_DROP,43.5,45.0,349.1,180.9,811.9,557.9,76.1,72.0,WF-800V-9164,PASSED,0.09,2026-09-03T11:18:00.117159+00:00
4USBM502856,42,BMW X5,PHEV,"Assembly Hall 52 (Mid/Full-Size SAC/SAV: X5, X6, X7, XM, iX5)",L1_S24_EXHAUST_AND_HV,45.34,45.0,341.2,175.2,781.7,568.6,66.5,66.0,WF-800V-9164,PASSED,0.05,2026-09-03T11:18:18.117159+00:00
4USBM502856,42,BMW X5,PHEV,"Assembly Hall 52 (Mid/Full-Size SAC/SAV: X5, X6, X7, XM, iX5)",L1_S32_DOORS_AND_INTERIOR,44.24,45.0,342.9,187.2,797.1,526.8,54.7,58.0,WF-800V-9164,PASSED,0.08,2026-09-03T11:18:05.117159+00:00
4USBM502856,42,BMW X5,PHEV,"Assembly Hall 52 (Mid/Full-Size SAC/SAV: X5, X6, X7, XM, iX5)",L1_S40_GLAZING_AND_SEALING,44.4,45.0,328.3,183.2,851.9,567.8,47.1,52.0,WF-800V-9164,PASSED,0.13,2026-09-03T11:17:50.117159+00:00
4USBM502856,42,BMW X5,PHEV,"Assembly Hall 52 (Mid/Full-Size SAC/SAV: X5, X6, X7, XM, iX5)",L1_S50_FINAL_LINE_ROLLOFF,45.63,45.0,346.1,185.6,790.6,551.6,64.8,64.0,WF-800V-9164,PASSED,0.01,2026-09-03T11:17:50.117159+00:00
4USBM272968,43,BMW X5,PHEV,"Assembly Hall 52 (Mid/Full-Size SAC/SAV: X5, X6, X7, XM, iX5)",L1_S01_CHASSIS_INTAKE,43.35,45.0,337.9,182.5,834.6,557.4,50.5,50.0,WF-800V-9518,PASSED,0.13,2026-09-03T11:18:51.117159+00:00
4USBM272968,43,BMW X5,PHEV,"Assembly Hall 52 (Mid/Full-Size SAC/SAV: X5, X6, X7, XM, iX5)",L1_S05_UNDERBODY_PREP,42.47,45.0,349.7,186.0,820.6,557.3,54.4,58.0,WF-800V-9518,PASSED,0.11,2026-09-03T11:18:59.117159+00:00
4USBM272968,43,BMW X5,PHEV,"Assembly Hall 52 (Mid/Full-Size SAC/SAV: X5, X6, X7, XM, iX5)",L1_S12_BATTERY_MARRIAGE,65.73,65.0,324.4,185.9,825.9,547.8,62.2,64.0,WF-800V-9518,PASSED,0.08,2026-09-03T11:18:45.117159+00:00
4USBM272968,43,BMW X5,PHEV,"Assembly Hall 52 (Mid/Full-Size SAC/SAV: X5, X6, X7, XM, iX5)",L1_S18_POWERTRAIN_DROP,46.64,45.0,330.7,178.6,795.9,541.5,70.1,72.0,WF-800V-9518,PASSED,0.13,2026-09-03T11:18:47.117159+00:00
4USBM272968,43,BMW X5,PHEV,"Assembly Hall 52 (Mid/Full-Size SAC/SAV: X5, X6, X7, XM, iX5)",L1_S24_EXHAUST_AND_HV,46.02,45.0,351.8,188.7,789.6,527.3,61.7,66.0,WF-800V-9518,PASSED,0.09,2026-09-03T11:19:10.117159+00:00
4USBM272968,43,BMW X5,PHEV,"Assembly Hall 52 (Mid/Full-Size SAC/SAV: X5, X6, X7, XM, iX5)",L1_S32_DOORS_AND_INTERIOR,44.78,45.0,341.9,182.8,829.6,549.4,57.2,58.0,WF-800V-9518,PASSED,0.07,2026-09-03T11:18:48.117159+00:00
4USBM272968,43,BMW X5,PHEV,"Assembly Hall 52 (Mid/Full-Size SAC/SAV: X5, X6, X7, XM, iX5)",L1_S40_GLAZING_AND_SEALING,45.09,45.0,323.9,184.0,876.4,547.8,54.5,52.0,WF-800V-9518,PASSED,0.02,2026-09-03T11:18:54.117159+00:00
4USBM272968,43,BMW X5,PHEV,"Assembly Hall 52 (Mid/Full-Size SAC/SAV: X5, X6, X7, XM, iX5)",L1_S50_FINAL_LINE_ROLLOFF,43.72,45.0,331.3,179.0,866.4,572.5,60.1,64.0,WF-800V-9518,PASSED,0.12,2026-09-03T11:19:05.117159+00:00
4USBM539518,44,BMW X5,PHEV,"Assembly Hall 52 (Mid/Full-Size SAC/SAV: X5, X6, X7, XM, iX5)",L1_S01_CHASSIS_INTAKE,45.04,45.0,348.2,178.0,790.7,587.5,52.6,50.0,WF-800V-9231,PASSED,0.07,2026-09-03T11:19:46.117159+00:00
4USBM539518,44,BMW X5,PHEV,"Assembly Hall 52 (Mid/Full-Size SAC/SAV: X5, X6, X7, XM, iX5)",L1_S05_UNDERBODY_PREP,45.43,45.0,317.0,179.9,843.8,531.8,62.2,58.0,WF-800V-9231,PASSED,0.08,2026-09-03T11:20:03.117159+00:00
4USBM539518,44,BMW X5,PHEV,"Assembly Hall 52 (Mid/Full-Size SAC/SAV: X5, X6, X7, XM, iX5)",L1_S12_BATTERY_MARRIAGE,66.29,65.0,341.7,190.8,823.2,566.5,67.3,64.0,WF-800V-9231,PASSED,0.01,2026-09-03T11:19:39.117159+00:00
4USBM539518,44,BMW X5,PHEV,"Assembly Hall 52 (Mid/Full-Size SAC/SAV: X5, X6, X7, XM, iX5)",L1_S18_POWERTRAIN_DROP,43.71,45.0,338.1,186.2,844.1,551.2,67.6,72.0,WF-800V-9231,PASSED,0.02,2026-09-03T11:20:16.117159+00:00
4USBM539518,44,BMW X5,PHEV,"Assembly Hall 52 (Mid/Full-Size SAC/SAV: X5, X6, X7, XM, iX5)",L1_S24_EXHAUST_AND_HV,45.96,45.0,361.5,181.9,816.8,544.8,69.9,66.0,WF-800V-9231,PASSED,0.08,2026-09-03T11:19:54.117159+00:00
4USBM539518,44,BMW X5,PHEV,"Assembly Hall 52 (Mid/Full-Size SAC/SAV: X5, X6, X7, XM, iX5)",L1_S32_DOORS_AND_INTERIOR,46.06,45.0,339.0,185.0,824.3,551.4,56.4,58.0,WF-800V-9231,PASSED,0.13,2026-09-03T11:19:42.117159+00:00
4USBM539518,44,BMW X5,PHEV,"Assembly Hall 52 (Mid/Full-Size SAC/SAV: X5, X6, X7, XM, iX5)",L1_S40_GLAZING_AND_SEALING,44.66,45.0,358.4,182.1,857.7,554.3,50.1,52.0,WF-800V-9231,PASSED,0.1,2026-09-03T11:20:09.117159+00:00
4USBM539518,44,BMW X5,PHEV,"Assembly Hall 52 (Mid/Full-Size SAC/SAV: X5, X6, X7, XM, iX5)",L1_S50_FINAL_LINE_ROLLOFF,45.23,45.0,320.2,177.9,796.7,532.3,64.8,64.0,WF-800V-9231,PASSED,0.09,2026-09-03T11:20:14.117159+00:00
4USBM759108,45,BMW X5,PHEV,"Assembly Hall 52 (Mid/Full-Size SAC/SAV: X5, X6, X7, XM, iX5)",L1_S01_CHASSIS_INTAKE,45.32,45.0,344.3,183.6,822.0,558.8,49.0,50.0,WF-800V-9600,PASSED,0.04,2026-09-03T11:20:50.117159+00:00
4USBM759108,45,BMW X5,PHEV,"Assembly Hall 52 (Mid/Full-Size SAC/SAV: X5, X6, X7, XM, iX5)",L1_S05_UNDERBODY_PREP,44.72,45.0,346.0,179.6,813.3,537.9,52.8,58.0,WF-800V-9600,PASSED,0.15,2026-09-03T11:20:49.117159+00:00
4USBM759108,45,BMW X5,PHEV,"Assembly Hall 52 (Mid/Full-Size SAC/SAV: X5, X6, X7, XM, iX5)",L1_S12_BATTERY_MARRIAGE,65.23,65.0,338.6,187.9,824.5,547.4,66.5,64.0,WF-800V-9600,PASSED,0.07,2026-09-03T11:21:06.117159+00:00
4USBM759108,45,BMW X5,PHEV,"Assembly Hall 52 (Mid/Full-Size SAC/SAV: X5, X6, X7, XM, iX5)",L1_S18_POWERTRAIN_DROP,45.49,45.0,338.1,186.7,865.7,583.1,74.7,72.0,WF-800V-9600,PASSED,0.14,2026-09-03T11:20:55.117159+00:00
4USBM759108,45,BMW X5,PHEV,"Assembly Hall 52 (Mid/Full-Size SAC/SAV: X5, X6, X7, XM, iX5)",L1_S24_EXHAUST_AND_HV,43.44,45.0,353.5,188.1,833.3,543.1,60.9,66.0,WF-800V-9600,PASSED,0.03,2026-09-03T11:20:36.117159+00:00
4USBM759108,45,BMW X5,PHEV,"Assembly Hall 52 (Mid/Full-Size SAC/SAV: X5, X6, X7, XM, iX5)",L1_S32_DOORS_AND_INTERIOR,44.73,45.0,355.3,188.8,813.3,533.5,55.3,58.0,WF-800V-9600,PASSED,0.08,2026-09-03T11:20:50.117159+00:00
4USBM759108,45,BMW X5,PHEV,"Assembly Hall 52 (Mid/Full-Size SAC/SAV: X5, X6, X7, XM, iX5)",L1_S40_GLAZING_AND_SEALING,44.64,45.0,338.8,183.8,829.2,552.9,51.4,52.0,WF-800V-9600,PASSED,0.15,2026-09-03T11:21:10.117159+00:00
4USBM759108,45,BMW X5,PHEV,"Assembly Hall 52 (Mid/Full-Size SAC/SAV: X5, X6, X7, XM, iX5)",L1_S50_FINAL_LINE_ROLLOFF,45.0,45.0,341.0,186.9,830.5,554.9,66.3,64.0,WF-800V-9600,PASSED,0.1,2026-09-03T11:20:38.117159+00:00
4USBM402918,46,BMW X5,PHEV,"Assembly Hall 52 (Mid/Full-Size SAC/SAV: X5, X6, X7, XM, iX5)",L1_S01_CHASSIS_INTAKE,44.39,45.0,345.0,176.3,818.4,583.1,49.9,50.0,WF-800V-9289,PASSED,0.07,2026-09-03T11:21:59.117159+00:00
4USBM402918,46,BMW X5,PHEV,"Assembly Hall 52 (Mid/Full-Size SAC/SAV: X5, X6, X7, XM, iX5)",L1_S05_UNDERBODY_PREP,43.91,45.0,343.5,187.2,811.9,556.4,51.9,58.0,WF-800V-9289,PASSED,0.11,2026-09-03T11:21:45.117159+00:00
4USBM402918,46,BMW X5,PHEV,"Assembly Hall 52 (Mid/Full-Size SAC/SAV: X5, X6, X7, XM, iX5)",L1_S12_BATTERY_MARRIAGE,65.45,65.0,331.6,180.7,830.6,564.1,68.1,64.0,WF-800V-9289,PASSED,0.13,2026-09-03T11:22:05.117159+00:00
4USBM402918,46,BMW X5,PHEV,"Assembly Hall 52 (Mid/Full-Size SAC/SAV: X5, X6, X7, XM, iX5)",L1_S18_POWERTRAIN_DROP,43.78,45.0,350.2,185.5,815.3,540.6,69.6,72.0,WF-800V-9289,PASSED,0.08,2026-09-03T11:21:58.117159+00:00
4USBM402918,46,BMW X5,PHEV,"Assembly Hall 52 (Mid/Full-Size SAC/SAV: X5, X6, X7, XM, iX5)",L1_S24_EXHAUST_AND_HV,43.68,45.0,358.4,183.5,796.9,568.8,66.8,66.0,WF-800V-9289,PASSED,0.13,2026-09-03T11:21:30.117159+00:00
4USBM402918,46,BMW X5,PHEV,"Assembly Hall 52 (Mid/Full-Size SAC/SAV: X5, X6, X7, XM, iX5)",L1_S32_DOORS_AND_INTERIOR,42.79,45.0,336.1,192.1,862.6,556.3,58.7,58.0,WF-800V-9289,PASSED,0.13,2026-09-03T11:21:42.117159+00:00
4USBM402918,46,BMW X5,PHEV,"Assembly Hall 52 (Mid/Full-Size SAC/SAV: X5, X6, X7, XM, iX5)",L1_S40_GLAZING_AND_SEALING,45.02,45.0,345.8,192.3,842.6,546.9,48.3,52.0,WF-800V-9289,PASSED,0.13,2026-09-03T11:21:47.117159+00:00
4USBM402918,46,BMW X5,PHEV,"Assembly Hall 52 (Mid/Full-Size SAC/SAV: X5, X6, X7, XM, iX5)",L1_S50_FINAL_LINE_ROLLOFF,44.19,45.0,345.9,185.4,828.5,549.3,63.2,64.0,WF-800V-9289,PASSED,0.08,2026-09-03T11:21:44.117159+00:00
4USBM575164,47,BMW X5,PHEV,"Assembly Hall 52 (Mid/Full-Size SAC/SAV: X5, X6, X7, XM, iX5)",L1_S01_CHASSIS_INTAKE,42.34,45.0,334.3,181.2,828.2,531.1,52.4,50.0,WF-800V-9116,PASSED,0.04,2026-09-03T11:22:33.117159+00:00
4USBM575164,47,BMW X5,PHEV,"Assembly Hall 52 (Mid/Full-Size SAC/SAV: X5, X6, X7, XM, iX5)",L1_S05_UNDERBODY_PREP,46.48,45.0,348.1,184.7,827.4,548.2,60.3,58.0,WF-800V-9116,PASSED,0.06,2026-09-03T11:22:42.117159+00:00
4USBM575164,47,BMW X5,PHEV,"Assembly Hall 52 (Mid/Full-Size SAC/SAV: X5, X6, X7, XM, iX5)",L1_S12_BATTERY_MARRIAGE,63.56,65.0,325.0,175.7,833.7,548.7,68.3,64.0,WF-800V-9116,PASSED,0.14,2026-09-03T11:22:24.117159+00:00
4USBM575164,47,BMW X5,PHEV,"Assembly Hall 52 (Mid/Full-Size SAC/SAV: X5, X6, X7, XM, iX5)",L1_S18_POWERTRAIN_DROP,43.93,45.0,338.1,190.0,822.0,543.9,72.1,72.0,WF-800V-9116,PASSED,0.04,2026-09-03T11:22:48.117159+00:00
4USBM575164,47,BMW X5,PHEV,"Assembly Hall 52 (Mid/Full-Size SAC/SAV: X5, X6, X7, XM, iX5)",L1_S24_EXHAUST_AND_HV,45.3,45.0,356.3,175.2,781.3,538.7,65.9,66.0,WF-800V-9116,PASSED,0.08,2026-09-03T11:22:25.117159+00:00
4USBM575164,47,BMW X5,PHEV,"Assembly Hall 52 (Mid/Full-Size SAC/SAV: X5, X6, X7, XM, iX5)",L1_S32_DOORS_AND_INTERIOR,43.89,45.0,350.9,187.0,843.7,547.9,59.5,58.0,WF-800V-9116,PASSED,0.05,2026-09-03T11:22:32.117159+00:00
4USBM575164,47,BMW X5,PHEV,"Assembly Hall 52 (Mid/Full-Size SAC/SAV: X5, X6, X7, XM, iX5)",L1_S40_GLAZING_AND_SEALING,45.03,45.0,353.5,177.5,792.6,568.1,52.0,52.0,WF-800V-9116,PASSED,0.12,2026-09-03T11:22:48.117159+00:00
4USBM575164,47,BMW X5,PHEV,"Assembly Hall 52 (Mid/Full-Size SAC/SAV: X5, X6, X7, XM, iX5)",L1_S50_FINAL_LINE_ROLLOFF,43.96,45.0,346.7,184.2,815.3,528.8,61.7,64.0,WF-800V-9116,PASSED,0.09,2026-09-03T11:22:57.117159+00:00
4USBM122652,48,BMW X5,PHEV,"Assembly Hall 52 (Mid/Full-Size SAC/SAV: X5, X6, X7, XM, iX5)",L1_S01_CHASSIS_INTAKE,44.88,45.0,334.7,181.2,827.7,544.0,53.6,50.0,WF-800V-9082,PASSED,0.1,2026-09-03T11:23:39.117159+00:00
4USBM122652,48,BMW X5,PHEV,"Assembly Hall 52 (Mid/Full-Size SAC/SAV: X5, X6, X7, XM, iX5)",L1_S05_UNDERBODY_PREP,45.62,45.0,328.0,186.4,809.0,563.9,60.0,58.0,WF-800V-9082,PASSED,0.11,2026-09-03T11:23:56.117159+00:00
4USBM122652,48,BMW X5,PHEV,"Assembly Hall 52 (Mid/Full-Size SAC/SAV: X5, X6, X7, XM, iX5)",L1_S12_BATTERY_MARRIAGE,62.89,65.0,317.7,178.1,773.6,526.5,61.8,64.0,WF-800V-9082,PASSED,0.05,2026-09-03T11:23:28.117159+00:00
4USBM122652,48,BMW X5,PHEV,"Assembly Hall 52 (Mid/Full-Size SAC/SAV: X5, X6, X7, XM, iX5)",L1_S18_POWERTRAIN_DROP,46.02,45.0,330.2,184.9,832.6,529.4,67.8,72.0,WF-800V-9082,PASSED,0.11,2026-09-03T11:23:18.117159+00:00
4USBM122652,48,BMW X5,PHEV,"Assembly Hall 52 (Mid/Full-Size SAC/SAV: X5, X6, X7, XM, iX5)",L1_S24_EXHAUST_AND_HV,45.29,45.0,347.5,182.2,792.5,554.1,65.4,66.0,WF-800V-9082,PASSED,0.12,2026-09-03T11:23:49.117159+00:00
4USBM122652,48,BMW X5,PHEV,"Assembly Hall 52 (Mid/Full-Size SAC/SAV: X5, X6, X7, XM, iX5)",L1_S32_DOORS_AND_INTERIOR,45.41,45.0,337.0,187.3,796.8,589.0,59.3,58.0,WF-800V-9082,PASSED,0.09,2026-09-03T11:23:54.117159+00:00
4USBM122652,48,BMW X5,PHEV,"Assembly Hall 52 (Mid/Full-Size SAC/SAV: X5, X6, X7, XM, iX5)",L1_S40_GLAZING_AND_SEALING,46.14,45.0,326.8,191.1,842.4,535.6,53.7,52.0,WF-800V-9082,PASSED,0.03,2026-09-03T11:23:23.117159+00:00
4USBM122652,48,BMW X5,PHEV,"Assembly Hall 52 (Mid/Full-Size SAC/SAV: X5, X6, X7, XM, iX5)",L1_S50_FINAL_LINE_ROLLOFF,43.63,45.0,325.0,181.6,822.3,531.2,63.3,64.0,WF-800V-9082,PASSED,0.11,2026-09-03T11:23:30.117159+00:00
4USBM490550,49,BMW X5,ICE,"Assembly Hall 52 (Mid/Full-Size SAC/SAV: X5, X6, X7, XM, iX5)",L1_S01_CHASSIS_INTAKE,43.8,45.0,0.0,194.9,861.9,999.0,46.2,48.0,N/A_ICE,PASSED,0.1,2026-09-03T11:24:43.117159+00:00
4USBM490550,49,BMW X5,ICE,"Assembly Hall 52 (Mid/Full-Size SAC/SAV: X5, X6, X7, XM, iX5)",L1_S05_UNDERBODY_PREP,46.05,45.0,0.0,177.0,802.1,999.0,60.2,54.0,N/A_ICE,PASSED,0.06,2026-09-03T11:24:23.117159+00:00
4USBM490550,49,BMW X5,ICE,"Assembly Hall 52 (Mid/Full-Size SAC/SAV: X5, X6, X7, XM, iX5)",L1_S12_BATTERY_MARRIAGE,65.03,65.0,0.0,183.1,810.2,999.0,32.9,32.0,N/A_ICE,PASSED,0.05,2026-09-03T11:24:21.117159+00:00
4USBM490550,49,BMW X5,ICE,"Assembly Hall 52 (Mid/Full-Size SAC/SAV: X5, X6, X7, XM, iX5)",L1_S18_POWERTRAIN_DROP,45.22,45.0,0.0,184.3,852.0,999.0,69.0,68.0,N/A_ICE,PASSED,0.05,2026-09-03T11:24:39.117159+00:00
4USBM490550,49,BMW X5,ICE,"Assembly Hall 52 (Mid/Full-Size SAC/SAV: X5, X6, X7, XM, iX5)",L1_S24_EXHAUST_AND_HV,44.57,45.0,0.0,182.8,829.9,999.0,58.5,62.0,N/A_ICE,PASSED,0.1,2026-09-03T11:24:23.117159+00:00
4USBM490550,49,BMW X5,ICE,"Assembly Hall 52 (Mid/Full-Size SAC/SAV: X5, X6, X7, XM, iX5)",L1_S32_DOORS_AND_INTERIOR,46.39,45.0,0.0,187.6,807.9,999.0,58.3,56.0,N/A_ICE,PASSED,0.14,2026-09-03T11:24:13.117159+00:00
4USBM490550,49,BMW X5,ICE,"Assembly Hall 52 (Mid/Full-Size SAC/SAV: X5, X6, X7, XM, iX5)",L1_S40_GLAZING_AND_SEALING,46.63,45.0,0.0,192.2,802.5,999.0,52.0,52.0,N/A_ICE,PASSED,0.03,2026-09-03T11:24:22.117159+00:00
4USBM490550,49,BMW X5,ICE,"Assembly Hall 52 (Mid/Full-Size SAC/SAV: X5, X6, X7, XM, iX5)",L1_S50_FINAL_LINE_ROLLOFF,45.87,45.0,0.0,188.0,826.9,999.0,55.7,58.0,N/A_ICE,PASSED,0.1,2026-09-03T11:24:17.117159+00:00
4USBM916996,50,BMW X5,PHEV,"Assembly Hall 52 (Mid/Full-Size SAC/SAV: X5, X6, X7, XM, iX5)",L1_S01_CHASSIS_INTAKE,46.2,45.0,332.5,182.2,808.3,566.6,53.5,50.0,WF-800V-9035,PASSED,0.04,2026-09-03T11:25:07.117159+00:00
4USBM916996,50,BMW X5,PHEV,"Assembly Hall 52 (Mid/Full-Size SAC/SAV: X5, X6, X7, XM, iX5)",L1_S05_UNDERBODY_PREP,45.28,45.0,332.5,183.8,831.9,571.9,60.9,58.0,WF-800V-9035,PASSED,0.06,2026-09-03T11:25:22.117159+00:00
4USBM916996,50,BMW X5,PHEV,"Assembly Hall 52 (Mid/Full-Size SAC/SAV: X5, X6, X7, XM, iX5)",L1_S12_BATTERY_MARRIAGE,63.81,65.0,336.6,184.3,845.6,531.2,58.7,64.0,WF-800V-9035,PASSED,0.06,2026-09-03T11:25:07.117159+00:00
4USBM916996,50,BMW X5,PHEV,"Assembly Hall 52 (Mid/Full-Size SAC/SAV: X5, X6, X7, XM, iX5)",L1_S18_POWERTRAIN_DROP,46.51,45.0,354.0,184.3,840.8,542.6,73.4,72.0,WF-800V-9035,PASSED,0.15,2026-09-03T11:25:13.117159+00:00
4USBM916996,50,BMW X5,PHEV,"Assembly Hall 52 (Mid/Full-Size SAC/SAV: X5, X6, X7, XM, iX5)",L1_S24_EXHAUST_AND_HV,45.72,45.0,341.6,184.4,822.0,575.3,66.7,66.0,WF-800V-9035,PASSED,0.05,2026-09-03T11:25:26.117159+00:00
4USBM916996,50,BMW X5,PHEV,"Assembly Hall 52 (Mid/Full-Size SAC/SAV: X5, X6, X7, XM, iX5)",L1_S32_DOORS_AND_INTERIOR,45.42,45.0,352.0,183.5,829.0,545.6,58.9,58.0,WF-800V-9035,PASSED,0.05,2026-09-03T11:25:08.117159+00:00
4USBM916996,50,BMW X5,PHEV,"Assembly Hall 52 (Mid/Full-Size SAC/SAV: X5, X6, X7, XM, iX5)",L1_S40_GLAZING_AND_SEALING,44.83,45.0,347.0,181.7,829.9,559.5,48.7,52.0,WF-800V-9035,PASSED,0.04,2026-09-03T11:25:35.117159+00:00
4USBM916996,50,BMW X5,PHEV,"Assembly Hall 52 (Mid/Full-Size SAC/SAV: X5, X6, X7, XM, iX5)",L1_S50_FINAL_LINE_ROLLOFF,45.75,45.0,353.6,189.5,835.2,556.0,62.2,64.0,WF-800V-9035,PASSED,0.04,2026-09-03T11:25:30.117159+00:00
4USBM847994,51,BMW X5,PHEV,"Assembly Hall 52 (Mid/Full-Size SAC/SAV: X5, X6, X7, XM, iX5)",L1_S01_CHASSIS_INTAKE,45.19,45.0,321.9,186.4,775.9,529.0,53.7,50.0,WF-800V-9446,PASSED,0.1,2026-09-03T11:26:19.117159+00:00
4USBM847994,51,BMW X5,PHEV,"Assembly Hall 52 (Mid/Full-Size SAC/SAV: X5, X6, X7, XM, iX5)",L1_S05_UNDERBODY_PREP,45.07,45.0,344.5,187.2,825.9,546.2,52.7,58.0,WF-800V-9446,PASSED,0.11,2026-09-03T11:26:06.117159+00:00
4USBM847994,51,BMW X5,PHEV,"Assembly Hall 52 (Mid/Full-Size SAC/SAV: X5, X6, X7, XM, iX5)",L1_S12_BATTERY_MARRIAGE,65.22,65.0,336.8,188.0,821.3,513.9,63.0,64.0,WF-800V-9446,PASSED,0.09,2026-09-03T11:26:25.117159+00:00
4USBM847994,51,BMW X5,PHEV,"Assembly Hall 52 (Mid/Full-Size SAC/SAV: X5, X6, X7, XM, iX5)",L1_S18_POWERTRAIN_DROP,45.24,45.0,358.4,186.1,787.9,508.8,70.6,72.0,WF-800V-9446,PASSED,0.04,2026-09-03T11:26:27.117159+00:00
4USBM847994,51,BMW X5,PHEV,"Assembly Hall 52 (Mid/Full-Size SAC/SAV: X5, X6, X7, XM, iX5)",L1_S24_EXHAUST_AND_HV,45.02,45.0,339.1,176.7,793.8,561.9,63.3,66.0,WF-800V-9446,PASSED,0.12,2026-09-03T11:26:08.117159+00:00
4USBM847994,51,BMW X5,PHEV,"Assembly Hall 52 (Mid/Full-Size SAC/SAV: X5, X6, X7, XM, iX5)",L1_S32_DOORS_AND_INTERIOR,45.93,45.0,325.0,196.5,845.3,580.9,52.6,58.0,WF-800V-9446,PASSED,0.11,2026-09-03T11:26:23.117159+00:00
4USBM847994,51,BMW X5,PHEV,"Assembly Hall 52 (Mid/Full-Size SAC/SAV: X5, X6, X7, XM, iX5)",L1_S40_GLAZING_AND_SEALING,45.36,45.0,354.9,187.0,777.1,561.9,53.2,52.0,WF-800V-9446,PASSED,0.12,2026-09-03T11:26:33.117159+00:00
4USBM847994,51,BMW X5,PHEV,"Assembly Hall 52 (Mid/Full-Size SAC/SAV: X5, X6, X7, XM, iX5)",L1_S50_FINAL_LINE_ROLLOFF,45.97,45.0,345.9,178.4,798.1,553.4,64.9,64.0,WF-800V-9446,PASSED,0.13,2026-09-03T11:26:38.117159+00:00
4USBM312811,52,BMW X5,PHEV,"Assembly Hall 52 (Mid/Full-Size SAC/SAV: X5, X6, X7, XM, iX5)",L1_S01_CHASSIS_INTAKE,44.78,45.0,337.1,185.5,787.1,550.0,50.1,50.0,WF-800V-9888,PASSED,0.07,2026-09-03T11:26:57.117159+00:00
4USBM312811,52,BMW X5,PHEV,"Assembly Hall 52 (Mid/Full-Size SAC/SAV: X5, X6, X7, XM, iX5)",L1_S05_UNDERBODY_PREP,44.56,45.0,345.4,189.0,791.9,546.7,63.2,58.0,WF-800V-9888,PASSED,0.05,2026-09-03T11:27:32.117159+00:00
4USBM312811,52,BMW X5,PHEV,"Assembly Hall 52 (Mid/Full-Size SAC/SAV: X5, X6, X7, XM, iX5)",L1_S12_BATTERY_MARRIAGE,54.18,65.0,319.7,180.8,816.9,549.4,66.0,64.0,WF-800V-9888,QUARANTINED_AT_STATION,0.88,2026-09-03T11:27:09.117159+00:00
4USBM312811,52,BMW X5,PHEV,"Assembly Hall 52 (Mid/Full-Size SAC/SAV: X5, X6, X7, XM, iX5)",L1_S18_POWERTRAIN_DROP,44.73,45.0,342.8,183.8,800.7,560.3,72.0,72.0,WF-800V-9888,PASSED,0.02,2026-09-03T11:27:11.117159+00:00
4USBM312811,52,BMW X5,PHEV,"Assembly Hall 52 (Mid/Full-Size SAC/SAV: X5, X6, X7, XM, iX5)",L1_S24_EXHAUST_AND_HV,47.2,45.0,336.5,178.7,817.3,544.0,65.1,66.0,WF-800V-9888,PASSED,0.13,2026-09-03T11:27:29.117159+00:00
4USBM312811,52,BMW X5,PHEV,"Assembly Hall 52 (Mid/Full-Size SAC/SAV: X5, X6, X7, XM, iX5)",L1_S32_DOORS_AND_INTERIOR,45.31,45.0,350.4,187.7,798.1,562.5,57.3,58.0,WF-800V-9888,PASSED,0.1,2026-09-03T11:27:28.117159+00:00
4USBM312811,52,BMW X5,PHEV,"Assembly Hall 52 (Mid/Full-Size SAC/SAV: X5, X6, X7, XM, iX5)",L1_S40_GLAZING_AND_SEALING,45.3,45.0,342.8,188.2,831.8,543.7,51.9,52.0,WF-800V-9888,PASSED,0.01,2026-09-03T11:27:14.117159+00:00
4USBM312811,52,BMW X5,PHEV,"Assembly Hall 52 (Mid/Full-Size SAC/SAV: X5, X6, X7, XM, iX5)",L1_S50_FINAL_LINE_ROLLOFF,44.79,45.0,337.1,180.6,814.2,545.6,68.1,64.0,WF-800V-9888,PASSED,0.07,2026-09-03T11:26:57.117159+00:00
4USBM187775,53,BMW X5,PHEV,"Assembly Hall 52 (Mid/Full-Size SAC/SAV: X5, X6, X7, XM, iX5)",L1_S01_CHASSIS_INTAKE,44.46,45.0,333.4,185.6,875.0,548.5,50.5,50.0,WF-800V-9914,PASSED,0.07,2026-09-03T11:28:20.117159+00:00
4USBM187775,53,BMW X5,PHEV,"Assembly Hall 52 (Mid/Full-Size SAC/SAV: X5, X6, X7, XM, iX5)",L1_S05_UNDERBODY_PREP,43.35,45.0,331.4,185.1,828.7,522.3,56.6,58.0,WF-800V-9914,PASSED,0.07,2026-09-03T11:28:24.117159+00:00
4USBM187775,53,BMW X5,PHEV,"Assembly Hall 52 (Mid/Full-Size SAC/SAV: X5, X6, X7, XM, iX5)",L1_S12_BATTERY_MARRIAGE,76.53,65.0,334.9,188.4,790.7,537.6,60.8,64.0,WF-800V-9914,QUARANTINED_AT_STATION,0.84,2026-09-03T11:28:12.117159+00:00
4USBM187775,53,BMW X5,PHEV,"Assembly Hall 52 (Mid/Full-Size SAC/SAV: X5, X6, X7, XM, iX5)",L1_S18_POWERTRAIN_DROP,45.59,45.0,338.9,173.8,802.6,571.3,73.0,72.0,WF-800V-9914,PASSED,0.05,2026-09-03T11:27:54.117159+00:00
4USBM187775,53,BMW X5,PHEV,"Assembly Hall 52 (Mid/Full-Size SAC/SAV: X5, X6, X7, XM, iX5)",L1_S24_EXHAUST_AND_HV,44.13,45.0,340.8,176.9,772.2,553.2,66.6,66.0,WF-800V-9914,PASSED,0.11,2026-09-03T11:28:27.117159+00:00
4USBM187775,53,BMW X5,PHEV,"Assembly Hall 52 (Mid/Full-Size SAC/SAV: X5, X6, X7, XM, iX5)",L1_S32_DOORS_AND_INTERIOR,44.62,45.0,352.5,185.2,828.7,556.3,54.9,58.0,WF-800V-9914,PASSED,0.1,2026-09-03T11:28:31.117159+00:00
4USBM187775,53,BMW X5,PHEV,"Assembly Hall 52 (Mid/Full-Size SAC/SAV: X5, X6, X7, XM, iX5)",L1_S40_GLAZING_AND_SEALING,43.98,45.0,348.9,184.4,818.1,559.1,51.9,52.0,WF-800V-9914,PASSED,0.08,2026-09-03T11:28:30.117159+00:00
4USBM187775,53,BMW X5,PHEV,"Assembly Hall 52 (Mid/Full-Size SAC/SAV: X5, X6, X7, XM, iX5)",L1_S50_FINAL_LINE_ROLLOFF,44.58,45.0,360.7,186.3,826.2,532.5,62.9,64.0,WF-800V-9914,PASSED,0.08,2026-09-03T11:27:54.117159+00:00
4USBM162000,54,BMW X5,PHEV,"Assembly Hall 52 (Mid/Full-Size SAC/SAV: X5, X6, X7, XM, iX5)",L1_S01_CHASSIS_INTAKE,45.34,45.0,338.1,182.8,777.3,538.7,49.1,50.0,WF-800V-9022,PASSED,0.12,2026-09-03T11:29:23.117159+00:00
4USBM162000,54,BMW X5,PHEV,"Assembly Hall 52 (Mid/Full-Size SAC/SAV: X5, X6, X7, XM, iX5)",L1_S05_UNDERBODY_PREP,43.7,45.0,346.0,186.1,799.2,545.5,58.0,58.0,WF-800V-9022,PASSED,0.04,2026-09-03T11:28:47.117159+00:00
4USBM162000,54,BMW X5,PHEV,"Assembly Hall 52 (Mid/Full-Size SAC/SAV: X5, X6, X7, XM, iX5)",L1_S12_BATTERY_MARRIAGE,66.35,65.0,362.3,190.3,821.0,532.5,65.7,64.0,WF-800V-9022,PASSED,0.05,2026-09-03T11:28:52.117159+00:00
4USBM162000,54,BMW X5,PHEV,"Assembly Hall 52 (Mid/Full-Size SAC/SAV: X5, X6, X7, XM, iX5)",L1_S18_POWERTRAIN_DROP,42.06,45.0,334.5,181.4,814.4,540.5,73.1,72.0,WF-800V-9022,PASSED,0.07,2026-09-03T11:29:15.117159+00:00
4USBM162000,54,BMW X5,PHEV,"Assembly Hall 52 (Mid/Full-Size SAC/SAV: X5, X6, X7, XM, iX5)",L1_S24_EXHAUST_AND_HV,44.28,45.0,323.8,186.0,775.5,580.5,63.7,66.0,WF-800V-9022,PASSED,0.11,2026-09-03T11:29:15.117159+00:00
4USBM162000,54,BMW X5,PHEV,"Assembly Hall 52 (Mid/Full-Size SAC/SAV: X5, X6, X7, XM, iX5)",L1_S32_DOORS_AND_INTERIOR,44.63,45.0,346.3,182.3,771.1,565.2,56.5,58.0,WF-800V-9022,PASSED,0.13,2026-09-03T11:28:52.117159+00:00
4USBM162000,54,BMW X5,PHEV,"Assembly Hall 52 (Mid/Full-Size SAC/SAV: X5, X6, X7, XM, iX5)",L1_S40_GLAZING_AND_SEALING,46.42,45.0,347.5,181.3,777.3,538.7,54.4,52.0,WF-800V-9022,PASSED,0.01,2026-09-03T11:28:50.117159+00:00
4USBM162000,54,BMW X5,PHEV,"Assembly Hall 52 (Mid/Full-Size SAC/SAV: X5, X6, X7, XM, iX5)",L1_S50_FINAL_LINE_ROLLOFF,45.0,45.0,354.3,184.5,813.5,538.7,64.6,64.0,WF-800V-9022,PASSED,0.12,2026-09-03T11:29:23.117159+00:00
4USBM700450,55,BMW X5,PHEV,"Assembly Hall 52 (Mid/Full-Size SAC/SAV: X5, X6, X7, XM, iX5)",L1_S01_CHASSIS_INTAKE,44.22,45.0,358.4,184.1,819.5,529.7,48.0,50.0,WF-800V-8868,PASSED,0.09,2026-09-03T11:30:14.117159+00:00
4USBM700450,55,BMW X5,PHEV,"Assembly Hall 52 (Mid/Full-Size SAC/SAV: X5, X6, X7, XM, iX5)",L1_S05_UNDERBODY_PREP,44.16,45.0,337.0,188.1,833.9,520.2,57.6,58.0,WF-800V-8868,PASSED,0.14,2026-09-03T11:29:43.117159+00:00
4USBM700450,55,BMW X5,PHEV,"Assembly Hall 52 (Mid/Full-Size SAC/SAV: X5, X6, X7, XM, iX5)",L1_S12_BATTERY_MARRIAGE,65.56,65.0,326.4,183.5,817.2,565.9,66.6,64.0,WF-800V-8868,PASSED,0.11,2026-09-03T11:29:59.117159+00:00
4USBM700450,55,BMW X5,PHEV,"Assembly Hall 52 (Mid/Full-Size SAC/SAV: X5, X6, X7, XM, iX5)",L1_S18_POWERTRAIN_DROP,44.02,45.0,343.3,184.2,820.2,537.3,72.9,72.0,WF-800V-8868,PASSED,0.07,2026-09-03T11:30:14.117159+00:00
4USBM700450,55,BMW X5,PHEV,"Assembly Hall 52 (Mid/Full-Size SAC/SAV: X5, X6, X7, XM, iX5)",L1_S24_EXHAUST_AND_HV,45.04,45.0,354.6,182.2,798.3,557.3,66.8,66.0,WF-800V-8868,PASSED,0.1,2026-09-03T11:29:44.117159+00:00
4USBM700450,55,BMW X5,PHEV,"Assembly Hall 52 (Mid/Full-Size SAC/SAV: X5, X6, X7, XM, iX5)",L1_S32_DOORS_AND_INTERIOR,46.91,45.0,331.1,184.8,816.8,515.6,59.3,58.0,WF-800V-8868,PASSED,0.04,2026-09-03T11:30:07.117159+00:00
4USBM700450,55,BMW X5,PHEV,"Assembly Hall 52 (Mid/Full-Size SAC/SAV: X5, X6, X7, XM, iX5)",L1_S40_GLAZING_AND_SEALING,45.26,45.0,341.1,178.1,775.7,523.7,51.8,52.0,WF-800V-8868,PASSED,0.06,2026-09-03T11:30:16.117159+00:00
4USBM700450,55,BMW X5,PHEV,"Assembly Hall 52 (Mid/Full-Size SAC/SAV: X5, X6, X7, XM, iX5)",L1_S50_FINAL_LINE_ROLLOFF,45.18,45.0,352.4,186.8,799.7,577.5,62.0,64.0,WF-800V-8868,PASSED,0.08,2026-09-03T11:30:17.117159+00:00
4USBM634862,56,BMW X5,PHEV,"Assembly Hall 52 (Mid/Full-Size SAC/SAV: X5, X6, X7, XM, iX5)",L1_S01_CHASSIS_INTAKE,45.27,45.0,331.0,184.0,801.1,545.7,51.5,50.0,WF-800V-8990,PASSED,0.06,2026-09-03T11:30:51.117159+00:00
4USBM634862,56,BMW X5,PHEV,"Assembly Hall 52 (Mid/Full-Size SAC/SAV: X5, X6, X7, XM, iX5)",L1_S05_UNDERBODY_PREP,45.22,45.0,341.6,186.8,791.1,543.1,56.4,58.0,WF-800V-8990,PASSED,0.1,2026-09-03T11:30:58.117159+00:00
4USBM634862,56,BMW X5,PHEV,"Assembly Hall 52 (Mid/Full-Size SAC/SAV: X5, X6, X7, XM, iX5)",L1_S12_BATTERY_MARRIAGE,63.12,65.0,326.3,191.3,828.5,563.9,62.7,64.0,WF-800V-8990,PASSED,0.14,2026-09-03T11:30:43.117159+00:00
4USBM634862,56,BMW X5,PHEV,"Assembly Hall 52 (Mid/Full-Size SAC/SAV: X5, X6, X7, XM, iX5)",L1_S18_POWERTRAIN_DROP,44.83,45.0,356.8,185.8,832.9,572.2,72.9,72.0,WF-800V-8990,PASSED,0.15,2026-09-03T11:31:12.117159+00:00
4USBM634862,56,BMW X5,PHEV,"Assembly Hall 52 (Mid/Full-Size SAC/SAV: X5, X6, X7, XM, iX5)",L1_S24_EXHAUST_AND_HV,44.92,45.0,354.2,185.4,814.0,534.5,68.2,66.0,WF-800V-8990,PASSED,0.12,2026-09-03T11:30:51.117159+00:00
4USBM634862,56,BMW X5,PHEV,"Assembly Hall 52 (Mid/Full-Size SAC/SAV: X5, X6, X7, XM, iX5)",L1_S32_DOORS_AND_INTERIOR,45.11,45.0,339.9,183.0,818.7,565.4,56.2,58.0,WF-800V-8990,PASSED,0.11,2026-09-03T11:30:44.117159+00:00
4USBM634862,56,BMW X5,PHEV,"Assembly Hall 52 (Mid/Full-Size SAC/SAV: X5, X6, X7, XM, iX5)",L1_S40_GLAZING_AND_SEALING,47.15,45.0,343.2,186.7,803.4,552.8,53.1,52.0,WF-800V-8990,PASSED,0.05,2026-09-03T11:30:54.117159+00:00
4USBM634862,56,BMW X5,PHEV,"Assembly Hall 52 (Mid/Full-Size SAC/SAV: X5, X6, X7, XM, iX5)",L1_S50_FINAL_LINE_ROLLOFF,44.83,45.0,337.6,190.5,826.3,543.5,60.7,64.0,WF-800V-8990,PASSED,0.02,2026-09-03T11:30:49.117159+00:00
4USBM603515,57,BMW X5,PHEV,"Assembly Hall 52 (Mid/Full-Size SAC/SAV: X5, X6, X7, XM, iX5)",L1_S01_CHASSIS_INTAKE,46.03,45.0,328.4,188.0,825.5,545.6,50.7,50.0,WF-800V-9920,PASSED,0.09,2026-09-03T11:31:34.117159+00:00
4USBM603515,57,BMW X5,PHEV,"Assembly Hall 52 (Mid/Full-Size SAC/SAV: X5, X6, X7, XM, iX5)",L1_S05_UNDERBODY_PREP,44.29,45.0,318.3,186.7,835.0,550.8,57.4,58.0,WF-800V-9920,PASSED,0.15,2026-09-03T11:32:10.117159+00:00
4USBM603515,57,BMW X5,PHEV,"Assembly Hall 52 (Mid/Full-Size SAC/SAV: X5, X6, X7, XM, iX5)",L1_S12_BATTERY_MARRIAGE,65.07,65.0,345.0,187.3,807.4,560.4,63.7,64.0,WF-800V-9920,PASSED,0.04,2026-09-03T11:32:02.117159+00:00
4USBM603515,57,BMW X5,PHEV,"Assembly Hall 52 (Mid/Full-Size SAC/SAV: X5, X6, X7, XM, iX5)",L1_S18_POWERTRAIN_DROP,43.55,45.0,335.5,189.2,826.0,526.7,73.3,72.0,WF-800V-9920,PASSED,0.1,2026-09-03T11:31:40.117159+00:00
4USBM603515,57,BMW X5,PHEV,"Assembly Hall 52 (Mid/Full-Size SAC/SAV: X5, X6, X7, XM, iX5)",L1_S24_EXHAUST_AND_HV,44.33,45.0,354.8,185.7,857.6,567.4,65.2,66.0,WF-800V-9920,PASSED,0.08,2026-09-03T11:32:06.117159+00:00
4USBM603515,57,BMW X5,PHEV,"Assembly Hall 52 (Mid/Full-Size SAC/SAV: X5, X6, X7, XM, iX5)",L1_S32_DOORS_AND_INTERIOR,45.97,45.0,335.3,186.4,863.9,549.2,57.3,58.0,WF-800V-9920,PASSED,0.14,2026-09-03T11:31:49.117159+00:00
4USBM603515,57,BMW X5,PHEV,"Assembly Hall 52 (Mid/Full-Size SAC/SAV: X5, X6, X7, XM, iX5)",L1_S40_GLAZING_AND_SEALING,46.65,45.0,326.4,194.2,812.6,548.1,50.2,52.0,WF-800V-9920,PASSED,0.04,2026-09-03T11:32:09.117159+00:00
4USBM603515,57,BMW X5,PHEV,"Assembly Hall 52 (Mid/Full-Size SAC/SAV: X5, X6, X7, XM, iX5)",L1_S50_FINAL_LINE_ROLLOFF,46.31,45.0,347.0,184.8,856.8,546.9,65.2,64.0,WF-800V-9920,PASSED,0.05,2026-09-03T11:31:35.117159+00:00
4USBM897825,58,BMW X5,PHEV,"Assembly Hall 52 (Mid/Full-Size SAC/SAV: X5, X6, X7, XM, iX5)",L1_S01_CHASSIS_INTAKE,44.47,45.0,340.0,185.4,770.6,564.1,50.2,50.0,WF-800V-9568,PASSED,0.03,2026-09-03T11:33:01.117159+00:00
4USBM897825,58,BMW X5,PHEV,"Assembly Hall 52 (Mid/Full-Size SAC/SAV: X5, X6, X7, XM, iX5)",L1_S05_UNDERBODY_PREP,47.27,45.0,345.2,187.3,826.1,567.4,59.2,58.0,WF-800V-9568,PASSED,0.13,2026-09-03T11:32:30.117159+00:00
4USBM897825,58,BMW X5,PHEV,"Assembly Hall 52 (Mid/Full-Size SAC/SAV: X5, X6, X7, XM, iX5)",L1_S12_BATTERY_MARRIAGE,66.79,65.0,326.4,190.0,811.2,555.4,62.6,64.0,WF-800V-9568,PASSED,0.11,2026-09-03T11:32:37.117159+00:00
4USBM897825,58,BMW X5,PHEV,"Assembly Hall 52 (Mid/Full-Size SAC/SAV: X5, X6, X7, XM, iX5)",L1_S18_POWERTRAIN_DROP,43.59,45.0,332.9,183.6,823.6,557.3,71.4,72.0,WF-800V-9568,PASSED,0.03,2026-09-03T11:32:52.117159+00:00
4USBM897825,58,BMW X5,PHEV,"Assembly Hall 52 (Mid/Full-Size SAC/SAV: X5, X6, X7, XM, iX5)",L1_S24_EXHAUST_AND_HV,46.71,45.0,336.7,177.4,873.6,560.3,65.4,66.0,WF-800V-9568,PASSED,0.09,2026-09-03T11:32:56.117159+00:00
4USBM897825,58,BMW X5,PHEV,"Assembly Hall 52 (Mid/Full-Size SAC/SAV: X5, X6, X7, XM, iX5)",L1_S32_DOORS_AND_INTERIOR,45.55,45.0,320.5,184.4,793.7,556.3,56.6,58.0,WF-800V-9568,PASSED,0.05,2026-09-03T11:32:42.117159+00:00
4USBM897825,58,BMW X5,PHEV,"Assembly Hall 52 (Mid/Full-Size SAC/SAV: X5, X6, X7, XM, iX5)",L1_S40_GLAZING_AND_SEALING,45.09,45.0,325.0,183.6,799.8,540.7,47.5,52.0,WF-800V-9568,PASSED,0.03,2026-09-03T11:32:45.117159+00:00
4USBM897825,58,BMW X5,PHEV,"Assembly Hall 52 (Mid/Full-Size SAC/SAV: X5, X6, X7, XM, iX5)",L1_S50_FINAL_LINE_ROLLOFF,46.36,45.0,337.5,183.2,812.8,543.3,67.2,64.0,WF-800V-9568,PASSED,0.09,2026-09-03T11:32:27.117159+00:00
4USBM851250,59,BMW X5,PHEV,"Assembly Hall 52 (Mid/Full-Size SAC/SAV: X5, X6, X7, XM, iX5)",L1_S01_CHASSIS_INTAKE,44.54,45.0,336.1,182.0,807.7,527.9,44.9,50.0,WF-800V-9285,PASSED,0.09,2026-09-03T11:33:39.117159+00:00
4USBM851250,59,BMW X5,PHEV,"Assembly Hall 52 (Mid/Full-Size SAC/SAV: X5, X6, X7, XM, iX5)",L1_S05_UNDERBODY_PREP,45.39,45.0,346.0,189.3,819.4,532.4,56.7,58.0,WF-800V-9285,PASSED,0.07,2026-09-03T11:33:57.117159+00:00
4USBM851250,59,BMW X5,PHEV,"Assembly Hall 52 (Mid/Full-Size SAC/SAV: X5, X6, X7, XM, iX5)",L1_S12_BATTERY_MARRIAGE,64.73,65.0,357.0,186.7,814.5,551.4,60.9,64.0,WF-800V-9285,PASSED,0.02,2026-09-03T11:33:29.117159+00:00
4USBM851250,59,BMW X5,PHEV,"Assembly Hall 52 (Mid/Full-Size SAC/SAV: X5, X6, X7, XM, iX5)",L1_S18_POWERTRAIN_DROP,45.83,45.0,344.5,190.2,823.1,552.1,75.7,72.0,WF-800V-9285,PASSED,0.02,2026-09-03T11:33:29.117159+00:00
4USBM851250,59,BMW X5,PHEV,"Assembly Hall 52 (Mid/Full-Size SAC/SAV: X5, X6, X7, XM, iX5)",L1_S24_EXHAUST_AND_HV,46.23,45.0,358.3,186.7,800.2,550.4,66.5,66.0,WF-800V-9285,PASSED,0.15,2026-09-03T11:34:01.117159+00:00
4USBM851250,59,BMW X5,PHEV,"Assembly Hall 52 (Mid/Full-Size SAC/SAV: X5, X6, X7, XM, iX5)",L1_S32_DOORS_AND_INTERIOR,43.4,45.0,346.4,179.4,788.3,552.2,59.4,58.0,WF-800V-9285,PASSED,0.13,2026-09-03T11:33:26.117159+00:00
4USBM851250,59,BMW X5,PHEV,"Assembly Hall 52 (Mid/Full-Size SAC/SAV: X5, X6, X7, XM, iX5)",L1_S40_GLAZING_AND_SEALING,43.04,45.0,331.6,179.7,802.0,546.1,53.6,52.0,WF-800V-9285,PASSED,0.07,2026-09-03T11:33:34.117159+00:00
4USBM851250,59,BMW X5,PHEV,"Assembly Hall 52 (Mid/Full-Size SAC/SAV: X5, X6, X7, XM, iX5)",L1_S50_FINAL_LINE_ROLLOFF,46.59,45.0,335.2,183.8,811.5,536.9,65.7,64.0,WF-800V-9285,PASSED,0.13,2026-09-03T11:33:51.117159+00:00
4USBM285702,60,BMW X5,PHEV,"Assembly Hall 52 (Mid/Full-Size SAC/SAV: X5, X6, X7, XM, iX5)",L1_S01_CHASSIS_INTAKE,44.95,45.0,342.5,181.2,826.3,541.4,54.6,50.0,WF-800V-9681,PASSED,0.09,2026-09-03T11:34:29.117159+00:00
4USBM285702,60,BMW X5,PHEV,"Assembly Hall 52 (Mid/Full-Size SAC/SAV: X5, X6, X7, XM, iX5)",L1_S05_UNDERBODY_PREP,46.07,45.0,337.0,184.0,827.1,556.5,53.9,58.0,WF-800V-9681,PASSED,0.1,2026-09-03T11:34:56.117159+00:00
4USBM285702,60,BMW X5,PHEV,"Assembly Hall 52 (Mid/Full-Size SAC/SAV: X5, X6, X7, XM, iX5)",L1_S12_BATTERY_MARRIAGE,63.55,65.0,357.4,179.4,820.4,524.2,64.5,64.0,WF-800V-9681,PASSED,0.02,2026-09-03T11:34:51.117159+00:00
4USBM285702,60,BMW X5,PHEV,"Assembly Hall 52 (Mid/Full-Size SAC/SAV: X5, X6, X7, XM, iX5)",L1_S18_POWERTRAIN_DROP,43.15,45.0,320.2,191.9,829.6,545.8,65.8,72.0,WF-800V-9681,PASSED,0.12,2026-09-03T11:34:20.117159+00:00
4USBM285702,60,BMW X5,PHEV,"Assembly Hall 52 (Mid/Full-Size SAC/SAV: X5, X6, X7, XM, iX5)",L1_S24_EXHAUST_AND_HV,46.59,45.0,329.0,185.8,834.5,566.2,65.1,66.0,WF-800V-9681,PASSED,0.1,2026-09-03T11:34:35.117159+00:00
4USBM285702,60,BMW X5,PHEV,"Assembly Hall 52 (Mid/Full-Size SAC/SAV: X5, X6, X7, XM, iX5)",L1_S32_DOORS_AND_INTERIOR,43.58,45.0,348.6,191.7,802.0,562.3,60.9,58.0,WF-800V-9681,PASSED,0.08,2026-09-03T11:34:47.117159+00:00
4USBM285702,60,BMW X5,PHEV,"Assembly Hall 52 (Mid/Full-Size SAC/SAV: X5, X6, X7, XM, iX5)",L1_S40_GLAZING_AND_SEALING,44.69,45.0,337.4,176.0,808.4,523.8,53.8,52.0,WF-800V-9681,PASSED,0.1,2026-09-03T11:34:20.117159+00:00
4USBM285702,60,BMW X5,PHEV,"Assembly Hall 52 (Mid/Full-Size SAC/SAV: X5, X6, X7, XM, iX5)",L1_S50_FINAL_LINE_ROLLOFF,44.33,45.0,334.5,182.9,805.2,551.2,61.3,64.0,WF-800V-9681,PASSED,0.06,2026-09-03T11:34:44.117159+00:00
4USBM876911,61,BMW X5,PHEV,"Assembly Hall 52 (Mid/Full-Size SAC/SAV: X5, X6, X7, XM, iX5)",L1_S01_CHASSIS_INTAKE,44.95,45.0,332.0,178.2,783.9,565.9,47.2,50.0,WF-800V-9497,PASSED,0.1,2026-09-03T11:35:45.117159+00:00
4USBM876911,61,BMW X5,PHEV,"Assembly Hall 52 (Mid/Full-Size SAC/SAV: X5, X6, X7, XM, iX5)",L1_S05_UNDERBODY_PREP,46.0,45.0,338.3,184.1,828.5,519.3,56.8,58.0,WF-800V-9497,PASSED,0.14,2026-09-03T11:35:31.117159+00:00
4USBM876911,61,BMW X5,PHEV,"Assembly Hall 52 (Mid/Full-Size SAC/SAV: X5, X6, X7, XM, iX5)",L1_S12_BATTERY_MARRIAGE,65.28,65.0,328.8,188.1,785.5,547.4,63.3,64.0,WF-800V-9497,PASSED,0.03,2026-09-03T11:35:45.117159+00:00
4USBM876911,61,BMW X5,PHEV,"Assembly Hall 52 (Mid/Full-Size SAC/SAV: X5, X6, X7, XM, iX5)",L1_S18_POWERTRAIN_DROP,44.42,45.0,353.3,186.4,823.6,556.1,71.1,72.0,WF-800V-9497,PASSED,0.07,2026-09-03T11:35:29.117159+00:00
4USBM876911,61,BMW X5,PHEV,"Assembly Hall 52 (Mid/Full-Size SAC/SAV: X5, X6, X7, XM, iX5)",L1_S24_EXHAUST_AND_HV,43.74,45.0,338.5,179.4,816.7,546.4,64.1,66.0,WF-800V-9497,PASSED,0.08,2026-09-03T11:35:28.117159+00:00
4USBM876911,61,BMW X5,PHEV,"Assembly Hall 52 (Mid/Full-Size SAC/SAV: X5, X6, X7, XM, iX5)",L1_S32_DOORS_AND_INTERIOR,46.47,45.0,341.8,185.3,817.5,551.7,63.5,58.0,WF-800V-9497,PASSED,0.09,2026-09-03T11:35:37.117159+00:00
4USBM876911,61,BMW X5,PHEV,"Assembly Hall 52 (Mid/Full-Size SAC/SAV: X5, X6, X7, XM, iX5)",L1_S40_GLAZING_AND_SEALING,44.06,45.0,349.8,190.6,810.4,543.0,49.1,52.0,WF-800V-9497,PASSED,0.12,2026-09-03T11:35:16.117159+00:00
4USBM876911,61,BMW X5,PHEV,"Assembly Hall 52 (Mid/Full-Size SAC/SAV: X5, X6, X7, XM, iX5)",L1_S50_FINAL_LINE_ROLLOFF,45.12,45.0,342.8,186.8,807.9,549.8,69.9,64.0,WF-800V-9497,PASSED,0.07,2026-09-03T11:35:44.117159+00:00
4USBM740716,62,BMW X5,PHEV,"Assembly Hall 52 (Mid/Full-Size SAC/SAV: X5, X6, X7, XM, iX5)",L1_S01_CHASSIS_INTAKE,44.99,45.0,340.6,184.8,805.0,551.8,54.5,50.0,WF-800V-8832,PASSED,0.15,2026-09-03T11:36:35.117159+00:00
4USBM740716,62,BMW X5,PHEV,"Assembly Hall 52 (Mid/Full-Size SAC/SAV: X5, X6, X7, XM, iX5)",L1_S05_UNDERBODY_PREP,45.43,45.0,352.9,188.6,798.1,554.6,58.1,58.0,WF-800V-8832,PASSED,0.03,2026-09-03T11:36:10.117159+00:00
4USBM740716,62,BMW X5,PHEV,"Assembly Hall 52 (Mid/Full-Size SAC/SAV: X5, X6, X7, XM, iX5)",L1_S12_BATTERY_MARRIAGE,63.53,65.0,359.4,184.0,774.1,549.5,65.8,64.0,WF-800V-8832,PASSED,0.06,2026-09-03T11:36:33.117159+00:00
4USBM740716,62,BMW X5,PHEV,"Assembly Hall 52 (Mid/Full-Size SAC/SAV: X5, X6, X7, XM, iX5)",L1_S18_POWERTRAIN_DROP,45.13,45.0,347.1,186.5,815.3,548.0,71.9,72.0,WF-800V-8832,PASSED,0.12,2026-09-03T11:36:29.117159+00:00
4USBM740716,62,BMW X5,PHEV,"Assembly Hall 52 (Mid/Full-Size SAC/SAV: X5, X6, X7, XM, iX5)",L1_S24_EXHAUST_AND_HV,45.78,45.0,350.0,188.0,816.0,547.1,69.2,66.0,WF-800V-8832,PASSED,0.05,2026-09-03T11:36:10.117159+00:00
4USBM740716,62,BMW X5,PHEV,"Assembly Hall 52 (Mid/Full-Size SAC/SAV: X5, X6, X7, XM, iX5)",L1_S32_DOORS_AND_INTERIOR,44.56,45.0,372.2,179.4,849.7,598.1,58.8,58.0,WF-800V-8832,PASSED,0.08,2026-09-03T11:36:37.117159+00:00
4USBM740716,62,BMW X5,PHEV,"Assembly Hall 52 (Mid/Full-Size SAC/SAV: X5, X6, X7, XM, iX5)",L1_S40_GLAZING_AND_SEALING,45.39,45.0,341.6,180.8,761.4,527.2,51.2,52.0,WF-800V-8832,PASSED,0.11,2026-09-03T11:36:27.117159+00:00
4USBM740716,62,BMW X5,PHEV,"Assembly Hall 52 (Mid/Full-Size SAC/SAV: X5, X6, X7, XM, iX5)",L1_S50_FINAL_LINE_ROLLOFF,44.75,45.0,336.2,179.9,815.4,540.4,61.0,64.0,WF-800V-8832,PASSED,0.13,2026-09-03T11:36:27.117159+00:00
4USBM703707,63,BMW iX5 Hydrogen/BEV,BEV,"Assembly Hall 52 (Mid/Full-Size SAC/SAV: X5, X6, X7, XM, iX5)",L1_S01_CHASSIS_INTAKE,44.52,45.0,351.3,180.6,765.8,539.9,53.7,52.0,WF-800V-8910,PASSED,0.09,2026-09-03T11:37:33.117159+00:00
4USBM703707,63,BMW iX5 Hydrogen/BEV,BEV,"Assembly Hall 52 (Mid/Full-Size SAC/SAV: X5, X6, X7, XM, iX5)",L1_S05_UNDERBODY_PREP,45.88,45.0,331.2,184.8,762.4,539.9,60.8,62.0,WF-800V-8910,PASSED,0.13,2026-09-03T11:37:38.117159+00:00
4USBM703707,63,BMW iX5 Hydrogen/BEV,BEV,"Assembly Hall 52 (Mid/Full-Size SAC/SAV: X5, X6, X7, XM, iX5)",L1_S12_BATTERY_MARRIAGE,63.9,65.0,340.7,187.7,811.0,536.7,77.4,74.0,WF-800V-8910,PASSED,0.1,2026-09-03T11:37:32.117159+00:00
4USBM703707,63,BMW iX5 Hydrogen/BEV,BEV,"Assembly Hall 52 (Mid/Full-Size SAC/SAV: X5, X6, X7, XM, iX5)",L1_S18_POWERTRAIN_DROP,46.23,45.0,340.4,186.1,805.4,531.7,45.2,46.0,WF-800V-8910,PASSED,0.02,2026-09-03T11:37:18.117159+00:00
4USBM703707,63,BMW iX5 Hydrogen/BEV,BEV,"Assembly Hall 52 (Mid/Full-Size SAC/SAV: X5, X6, X7, XM, iX5)",L1_S24_EXHAUST_AND_HV,44.42,45.0,348.2,188.5,856.6,531.8,44.1,44.0,WF-800V-8910,PASSED,0.02,2026-09-03T11:37:35.117159+00:00
4USBM703707,63,BMW iX5 Hydrogen/BEV,BEV,"Assembly Hall 52 (Mid/Full-Size SAC/SAV: X5, X6, X7, XM, iX5)",L1_S32_DOORS_AND_INTERIOR,45.15,45.0,346.1,192.4,817.9,560.4,56.5,60.0,WF-800V-8910,PASSED,0.12,2026-09-03T11:37:34.117159+00:00
4USBM703707,63,BMW iX5 Hydrogen/BEV,BEV,"Assembly Hall 52 (Mid/Full-Size SAC/SAV: X5, X6, X7, XM, iX5)",L1_S40_GLAZING_AND_SEALING,43.73,45.0,349.0,179.2,842.4,555.0,56.5,54.0,WF-800V-8910,PASSED,0.05,2026-09-03T11:37:35.117159+00:00
4USBM703707,63,BMW iX5 Hydrogen/BEV,BEV,"Assembly Hall 52 (Mid/Full-Size SAC/SAV: X5, X6, X7, XM, iX5)",L1_S50_FINAL_LINE_ROLLOFF,46.74,45.0,335.1,182.1,840.6,537.8,67.3,66.0,WF-800V-8910,PASSED,0.03,2026-09-03T11:37:18.117159+00:00
4USBM918295,64,BMW X5,PHEV,"Assembly Hall 52 (Mid/Full-Size SAC/SAV: X5, X6, X7, XM, iX5)",L1_S01_CHASSIS_INTAKE,44.63,45.0,361.8,185.1,831.3,530.0,49.1,50.0,WF-800V-9599,PASSED,0.07,2026-09-03T11:38:11.117159+00:00
4USBM918295,64,BMW X5,PHEV,"Assembly Hall 52 (Mid/Full-Size SAC/SAV: X5, X6, X7, XM, iX5)",L1_S05_UNDERBODY_PREP,45.65,45.0,329.4,189.5,843.2,543.0,57.9,58.0,WF-800V-9599,PASSED,0.07,2026-09-03T11:38:12.117159+00:00
4USBM918295,64,BMW X5,PHEV,"Assembly Hall 52 (Mid/Full-Size SAC/SAV: X5, X6, X7, XM, iX5)",L1_S12_BATTERY_MARRIAGE,68.07,65.0,331.8,188.4,812.4,541.1,64.3,64.0,WF-800V-9599,PASSED,0.04,2026-09-03T11:38:35.117159+00:00
4USBM918295,64,BMW X5,PHEV,"Assembly Hall 52 (Mid/Full-Size SAC/SAV: X5, X6, X7, XM, iX5)",L1_S18_POWERTRAIN_DROP,45.91,45.0,343.0,187.1,809.8,548.0,69.9,72.0,WF-800V-9599,PASSED,0.07,2026-09-03T11:38:18.117159+00:00
4USBM918295,64,BMW X5,PHEV,"Assembly Hall 52 (Mid/Full-Size SAC/SAV: X5, X6, X7, XM, iX5)",L1_S24_EXHAUST_AND_HV,45.03,45.0,331.8,187.7,825.0,533.7,65.7,66.0,WF-800V-9599,PASSED,0.02,2026-09-03T11:38:21.117159+00:00
4USBM918295,64,BMW X5,PHEV,"Assembly Hall 52 (Mid/Full-Size SAC/SAV: X5, X6, X7, XM, iX5)",L1_S32_DOORS_AND_INTERIOR,45.3,45.0,325.9,190.3,835.9,558.8,58.0,58.0,WF-800V-9599,PASSED,0.05,2026-09-03T11:38:27.117159+00:00
4USBM918295,64,BMW X5,PHEV,"Assembly Hall 52 (Mid/Full-Size SAC/SAV: X5, X6, X7, XM, iX5)",L1_S40_GLAZING_AND_SEALING,44.59,45.0,359.4,178.6,823.0,561.4,53.4,52.0,WF-800V-9599,PASSED,0.04,2026-09-03T11:38:02.117159+00:00
4USBM918295,64,BMW X5,PHEV,"Assembly Hall 52 (Mid/Full-Size SAC/SAV: X5, X6, X7, XM, iX5)",L1_S50_FINAL_LINE_ROLLOFF,46.27,45.0,336.6,188.3,810.6,539.5,63.6,64.0,WF-800V-9599,PASSED,0.1,2026-09-03T11:38:10.117159+00:00
4USBM843530,65,BMW X7,ICE,"Assembly Hall 52 (Mid/Full-Size SAC/SAV: X5, X6, X7, XM, iX5)",L1_S01_CHASSIS_INTAKE,46.81,45.0,0.0,187.3,815.1,999.0,47.6,48.0,N/A_ICE,PASSED,0.01,2026-09-03T11:38:57.117159+00:00
4USBM843530,65,BMW X7,ICE,"Assembly Hall 52 (Mid/Full-Size SAC/SAV: X5, X6, X7, XM, iX5)",L1_S05_UNDERBODY_PREP,46.26,45.0,0.0,190.2,786.9,999.0,50.9,54.0,N/A_ICE,PASSED,0.15,2026-09-03T11:39:25.117159+00:00
4USBM843530,65,BMW X7,ICE,"Assembly Hall 52 (Mid/Full-Size SAC/SAV: X5, X6, X7, XM, iX5)",L1_S12_BATTERY_MARRIAGE,65.1,65.0,0.0,181.9,783.8,999.0,27.9,32.0,N/A_ICE,PASSED,0.15,2026-09-03T11:39:22.117159+00:00
4USBM843530,65,BMW X7,ICE,"Assembly Hall 52 (Mid/Full-Size SAC/SAV: X5, X6, X7, XM, iX5)",L1_S18_POWERTRAIN_DROP,44.64,45.0,0.0,183.1,804.1,999.0,68.4,68.0,N/A_ICE,PASSED,0.03,2026-09-03T11:38:52.117159+00:00
4USBM843530,65,BMW X7,ICE,"Assembly Hall 52 (Mid/Full-Size SAC/SAV: X5, X6, X7, XM, iX5)",L1_S24_EXHAUST_AND_HV,45.11,45.0,0.0,182.3,846.1,999.0,66.0,62.0,N/A_ICE,PASSED,0.12,2026-09-03T11:39:29.117159+00:00
4USBM843530,65,BMW X7,ICE,"Assembly Hall 52 (Mid/Full-Size SAC/SAV: X5, X6, X7, XM, iX5)",L1_S32_DOORS_AND_INTERIOR,45.72,45.0,0.0,184.4,839.6,999.0,58.1,56.0,N/A_ICE,PASSED,0.15,2026-09-03T11:39:08.117159+00:00
4USBM843530,65,BMW X7,ICE,"Assembly Hall 52 (Mid/Full-Size SAC/SAV: X5, X6, X7, XM, iX5)",L1_S40_GLAZING_AND_SEALING,43.44,45.0,0.0,182.2,794.9,999.0,50.5,52.0,N/A_ICE,PASSED,0.01,2026-09-03T11:39:23.117159+00:00
4USBM843530,65,BMW X7,ICE,"Assembly Hall 52 (Mid/Full-Size SAC/SAV: X5, X6, X7, XM, iX5)",L1_S50_FINAL_LINE_ROLLOFF,45.01,45.0,0.0,188.7,792.6,999.0,56.5,58.0,N/A_ICE,PASSED,0.13,2026-09-03T11:39:00.117159+00:00
4USBM777573,66,BMW XM (High-Performance PHEV),PHEV,"Assembly Hall 52 (Mid/Full-Size SAC/SAV: X5, X6, X7, XM, iX5)",L1_S01_CHASSIS_INTAKE,44.6,45.0,344.3,184.0,816.9,550.3,49.9,50.0,WF-800V-9218,PASSED,0.05,2026-09-03T11:39:58.117159+00:00
4USBM777573,66,BMW XM (High-Performance PHEV),PHEV,"Assembly Hall 52 (Mid/Full-Size SAC/SAV: X5, X6, X7, XM, iX5)",L1_S05_UNDERBODY_PREP,45.87,45.0,359.9,189.8,801.3,552.8,55.1,58.0,WF-800V-9218,PASSED,0.02,2026-09-03T11:40:10.117159+00:00
4USBM777573,66,BMW XM (High-Performance PHEV),PHEV,"Assembly Hall 52 (Mid/Full-Size SAC/SAV: X5, X6, X7, XM, iX5)",L1_S12_BATTERY_MARRIAGE,63.6,65.0,356.3,184.4,804.6,538.1,64.4,64.0,WF-800V-9218,PASSED,0.04,2026-09-03T11:39:53.117159+00:00
4USBM777573,66,BMW XM (High-Performance PHEV),PHEV,"Assembly Hall 52 (Mid/Full-Size SAC/SAV: X5, X6, X7, XM, iX5)",L1_S18_POWERTRAIN_DROP,45.1,45.0,319.7,179.9,827.0,547.3,73.5,72.0,WF-800V-9218,PASSED,0.11,2026-09-03T11:40:17.117159+00:00
4USBM777573,66,BMW XM (High-Performance PHEV),PHEV,"Assembly Hall 52 (Mid/Full-Size SAC/SAV: X5, X6, X7, XM, iX5)",L1_S24_EXHAUST_AND_HV,43.99,45.0,344.2,184.4,812.8,532.0,59.3,66.0,WF-800V-9218,PASSED,0.14,2026-09-03T11:39:56.117159+00:00
4USBM777573,66,BMW XM (High-Performance PHEV),PHEV,"Assembly Hall 52 (Mid/Full-Size SAC/SAV: X5, X6, X7, XM, iX5)",L1_S32_DOORS_AND_INTERIOR,46.81,45.0,356.0,184.6,818.6,537.2,57.8,58.0,WF-800V-9218,PASSED,0.06,2026-09-03T11:39:49.117159+00:00
4USBM777573,66,BMW XM (High-Performance PHEV),PHEV,"Assembly Hall 52 (Mid/Full-Size SAC/SAV: X5, X6, X7, XM, iX5)",L1_S40_GLAZING_AND_SEALING,47.33,45.0,337.7,179.5,835.0,542.6,53.2,52.0,WF-800V-9218,PASSED,0.11,2026-09-03T11:40:12.117159+00:00
4USBM777573,66,BMW XM (High-Performance PHEV),PHEV,"Assembly Hall 52 (Mid/Full-Size SAC/SAV: X5, X6, X7, XM, iX5)",L1_S50_FINAL_LINE_ROLLOFF,45.61,45.0,333.4,181.9,832.6,533.3,65.9,64.0,WF-800V-9218,PASSED,0.07,2026-09-03T11:40:02.117159+00:00
4USBM221831,67,BMW XM (High-Performance PHEV),PHEV,"Assembly Hall 52 (Mid/Full-Size SAC/SAV: X5, X6, X7, XM, iX5)",L1_S01_CHASSIS_INTAKE,44.26,45.0,328.6,191.2,806.0,556.3,53.0,50.0,WF-800V-9672,PASSED,0.07,2026-09-03T11:41:06.117159+00:00
4USBM221831,67,BMW XM (High-Performance PHEV),PHEV,"Assembly Hall 52 (Mid/Full-Size SAC/SAV: X5, X6, X7, XM, iX5)",L1_S05_UNDERBODY_PREP,49.09,45.0,329.4,191.3,822.1,527.1,57.3,58.0,WF-800V-9672,PASSED,0.1,2026-09-03T11:40:47.117159+00:00
4USBM221831,67,BMW XM (High-Performance PHEV),PHEV,"Assembly Hall 52 (Mid/Full-Size SAC/SAV: X5, X6, X7, XM, iX5)",L1_S12_BATTERY_MARRIAGE,64.0,65.0,342.2,184.2,842.2,533.2,61.3,64.0,WF-800V-9672,PASSED,0.02,2026-09-03T11:41:05.117159+00:00
4USBM221831,67,BMW XM (High-Performance PHEV),PHEV,"Assembly Hall 52 (Mid/Full-Size SAC/SAV: X5, X6, X7, XM, iX5)",L1_S18_POWERTRAIN_DROP,43.4,45.0,331.9,182.9,809.4,558.5,76.6,72.0,WF-800V-9672,PASSED,0.03,2026-09-03T11:40:50.117159+00:00
4USBM221831,67,BMW XM (High-Performance PHEV),PHEV,"Assembly Hall 52 (Mid/Full-Size SAC/SAV: X5, X6, X7, XM, iX5)",L1_S24_EXHAUST_AND_HV,45.78,45.0,352.9,190.2,841.9,521.4,66.8,66.0,WF-800V-9672,PASSED,0.1,2026-09-03T11:40:54.117159+00:00
4USBM221831,67,BMW XM (High-Performance PHEV),PHEV,"Assembly Hall 52 (Mid/Full-Size SAC/SAV: X5, X6, X7, XM, iX5)",L1_S32_DOORS_AND_INTERIOR,48.3,45.0,347.0,180.7,801.5,539.3,59.1,58.0,WF-800V-9672,PASSED,0.06,2026-09-03T11:40:55.117159+00:00
4USBM221831,67,BMW XM (High-Performance PHEV),PHEV,"Assembly Hall 52 (Mid/Full-Size SAC/SAV: X5, X6, X7, XM, iX5)",L1_S40_GLAZING_AND_SEALING,46.37,45.0,334.3,188.3,811.7,560.6,47.8,52.0,WF-800V-9672,PASSED,0.02,2026-09-03T11:40:56.117159+00:00
4USBM221831,67,BMW XM (High-Performance PHEV),PHEV,"Assembly Hall 52 (Mid/Full-Size SAC/SAV: X5, X6, X7, XM, iX5)",L1_S50_FINAL_LINE_ROLLOFF,44.4,45.0,345.5,190.6,822.6,553.0,65.4,64.0,WF-800V-9672,PASSED,0.11,2026-09-03T11:41:08.117159+00:00
4USBM688726,68,BMW X5,PHEV,"Assembly Hall 52 (Mid/Full-Size SAC/SAV: X5, X6, X7, XM, iX5)",L1_S01_CHASSIS_INTAKE,45.36,45.0,348.0,179.2,780.9,542.4,55.7,50.0,WF-800V-9016,PASSED,0.13,2026-09-03T11:41:53.117159+00:00
4USBM688726,68,BMW X5,PHEV,"Assembly Hall 52 (Mid/Full-Size SAC/SAV: X5, X6, X7, XM, iX5)",L1_S05_UNDERBODY_PREP,47.34,45.0,319.5,179.6,796.5,518.5,56.7,58.0,WF-800V-9016,PASSED,0.05,2026-09-03T11:41:54.117159+00:00
4USBM688726,68,BMW X5,PHEV,"Assembly Hall 52 (Mid/Full-Size SAC/SAV: X5, X6, X7, XM, iX5)",L1_S12_BATTERY_MARRIAGE,64.48,65.0,342.7,183.1,829.8,570.1,64.4,64.0,WF-800V-9016,PASSED,0.06,2026-09-03T11:42:06.117159+00:00
4USBM688726,68,BMW X5,PHEV,"Assembly Hall 52 (Mid/Full-Size SAC/SAV: X5, X6, X7, XM, iX5)",L1_S18_POWERTRAIN_DROP,44.32,45.0,323.9,184.3,828.0,540.5,73.6,72.0,WF-800V-9016,PASSED,0.05,2026-09-03T11:42:09.117159+00:00
4USBM688726,68,BMW X5,PHEV,"Assembly Hall 52 (Mid/Full-Size SAC/SAV: X5, X6, X7, XM, iX5)",L1_S24_EXHAUST_AND_HV,43.38,45.0,339.5,186.4,796.4,538.4,65.1,66.0,WF-800V-9016,PASSED,0.03,2026-09-03T11:42:07.117159+00:00
4USBM688726,68,BMW X5,PHEV,"Assembly Hall 52 (Mid/Full-Size SAC/SAV: X5, X6, X7, XM, iX5)",L1_S32_DOORS_AND_INTERIOR,44.77,45.0,334.4,183.7,825.5,565.4,56.3,58.0,WF-800V-9016,PASSED,0.15,2026-09-03T11:41:53.117159+00:00
4USBM688726,68,BMW X5,PHEV,"Assembly Hall 52 (Mid/Full-Size SAC/SAV: X5, X6, X7, XM, iX5)",L1_S40_GLAZING_AND_SEALING,47.06,45.0,331.2,187.6,857.6,546.3,47.7,52.0,WF-800V-9016,PASSED,0.1,2026-09-03T11:41:57.117159+00:00
4USBM688726,68,BMW X5,PHEV,"Assembly Hall 52 (Mid/Full-Size SAC/SAV: X5, X6, X7, XM, iX5)",L1_S50_FINAL_LINE_ROLLOFF,44.94,45.0,357.6,184.1,799.4,545.8,62.1,64.0,WF-800V-9016,PASSED,0.04,2026-09-03T11:42:04.117159+00:00
4USBM633969,69,BMW X5,ICE,"Assembly Hall 52 (Mid/Full-Size SAC/SAV: X5, X6, X7, XM, iX5)",L1_S01_CHASSIS_INTAKE,44.04,45.0,0.0,183.9,854.9,999.0,46.6,48.0,N/A_ICE,PASSED,0.06,2026-09-03T11:42:38.117159+00:00
4USBM633969,69,BMW X5,ICE,"Assembly Hall 52 (Mid/Full-Size SAC/SAV: X5, X6, X7, XM, iX5)",L1_S05_UNDERBODY_PREP,43.64,45.0,0.0,185.1,808.7,999.0,56.3,54.0,N/A_ICE,PASSED,0.07,2026-09-03T11:43:04.117159+00:00
4USBM633969,69,BMW X5,ICE,"Assembly Hall 52 (Mid/Full-Size SAC/SAV: X5, X6, X7, XM, iX5)",L1_S12_BATTERY_MARRIAGE,64.22,65.0,0.0,187.3,829.6,999.0,29.9,32.0,N/A_ICE,PASSED,0.03,2026-09-03T11:43:11.117159+00:00
4USBM633969,69,BMW X5,ICE,"Assembly Hall 52 (Mid/Full-Size SAC/SAV: X5, X6, X7, XM, iX5)",L1_S18_POWERTRAIN_DROP,42.26,45.0,0.0,184.9,826.3,999.0,67.5,68.0,N/A_ICE,PASSED,0.07,2026-09-03T11:42:41.117159+00:00
4USBM633969,69,BMW X5,ICE,"Assembly Hall 52 (Mid/Full-Size SAC/SAV: X5, X6, X7, XM, iX5)",L1_S24_EXHAUST_AND_HV,46.25,45.0,0.0,184.3,862.5,999.0,65.2,62.0,N/A_ICE,PASSED,0.13,2026-09-03T11:43:11.117159+00:00
4USBM633969,69,BMW X5,ICE,"Assembly Hall 52 (Mid/Full-Size SAC/SAV: X5, X6, X7, XM, iX5)",L1_S32_DOORS_AND_INTERIOR,45.74,45.0,0.0,185.4,847.3,999.0,56.6,56.0,N/A_ICE,PASSED,0.08,2026-09-03T11:42:42.117159+00:00
4USBM633969,69,BMW X5,ICE,"Assembly Hall 52 (Mid/Full-Size SAC/SAV: X5, X6, X7, XM, iX5)",L1_S40_GLAZING_AND_SEALING,44.87,45.0,0.0,189.6,806.9,999.0,54.7,52.0,N/A_ICE,PASSED,0.08,2026-09-03T11:43:06.117159+00:00
4USBM633969,69,BMW X5,ICE,"Assembly Hall 52 (Mid/Full-Size SAC/SAV: X5, X6, X7, XM, iX5)",L1_S50_FINAL_LINE_ROLLOFF,44.5,45.0,0.0,178.1,844.0,999.0,59.6,58.0,N/A_ICE,PASSED,0.13,2026-09-03T11:42:40.117159+00:00
4USBM738951,70,BMW X5,PHEV,"Assembly Hall 52 (Mid/Full-Size SAC/SAV: X5, X6, X7, XM, iX5)",L1_S01_CHASSIS_INTAKE,45.75,45.0,342.2,184.8,833.4,513.7,49.1,50.0,WF-800V-9917,PASSED,0.08,2026-09-03T11:43:57.117159+00:00
4USBM738951,70,BMW X5,PHEV,"Assembly Hall 52 (Mid/Full-Size SAC/SAV: X5, X6, X7, XM, iX5)",L1_S05_UNDERBODY_PREP,46.09,45.0,326.2,184.1,870.4,544.9,58.4,58.0,WF-800V-9917,PASSED,0.05,2026-09-03T11:43:53.117159+00:00
4USBM738951,70,BMW X5,PHEV,"Assembly Hall 52 (Mid/Full-Size SAC/SAV: X5, X6, X7, XM, iX5)",L1_S12_BATTERY_MARRIAGE,64.09,65.0,345.5,188.8,817.1,533.9,64.2,64.0,WF-800V-9917,PASSED,0.02,2026-09-03T11:43:50.117159+00:00
4USBM738951,70,BMW X5,PHEV,"Assembly Hall 52 (Mid/Full-Size SAC/SAV: X5, X6, X7, XM, iX5)",L1_S18_POWERTRAIN_DROP,44.33,45.0,333.7,190.1,816.5,566.7,72.8,72.0,WF-800V-9917,PASSED,0.02,2026-09-03T11:44:03.117159+00:00
4USBM738951,70,BMW X5,PHEV,"Assembly Hall 52 (Mid/Full-Size SAC/SAV: X5, X6, X7, XM, iX5)",L1_S24_EXHAUST_AND_HV,45.11,45.0,344.5,185.8,837.9,548.2,68.2,66.0,WF-800V-9917,PASSED,0.1,2026-09-03T11:43:59.117159+00:00
4USBM738951,70,BMW X5,PHEV,"Assembly Hall 52 (Mid/Full-Size SAC/SAV: X5, X6, X7, XM, iX5)",L1_S32_DOORS_AND_INTERIOR,45.54,45.0,324.3,191.2,804.4,554.7,56.0,58.0,WF-800V-9917,PASSED,0.1,2026-09-03T11:44:03.117159+00:00
4USBM738951,70,BMW X5,PHEV,"Assembly Hall 52 (Mid/Full-Size SAC/SAV: X5, X6, X7, XM, iX5)",L1_S40_GLAZING_AND_SEALING,46.64,45.0,319.7,180.4,840.9,560.0,52.9,52.0,WF-800V-9917,PASSED,0.08,2026-09-03T11:43:33.117159+00:00
4USBM738951,70,BMW X5,PHEV,"Assembly Hall 52 (Mid/Full-Size SAC/SAV: X5, X6, X7, XM, iX5)",L1_S50_FINAL_LINE_ROLLOFF,46.98,45.0,317.0,183.8,804.1,580.5,70.6,64.0,WF-800V-9917,PASSED,0.12,2026-09-03T11:43:56.117159+00:00
4USBM846631,71,BMW XM (High-Performance PHEV),PHEV,"Assembly Hall 52 (Mid/Full-Size SAC/SAV: X5, X6, X7, XM, iX5)",L1_S01_CHASSIS_INTAKE,43.38,45.0,334.9,182.2,847.7,552.4,48.5,50.0,WF-800V-9119,PASSED,0.15,2026-09-03T11:44:24.117159+00:00
4USBM846631,71,BMW XM (High-Performance PHEV),PHEV,"Assembly Hall 52 (Mid/Full-Size SAC/SAV: X5, X6, X7, XM, iX5)",L1_S05_UNDERBODY_PREP,44.66,45.0,348.0,185.9,826.5,556.8,59.3,58.0,WF-800V-9119,PASSED,0.12,2026-09-03T11:44:37.117159+00:00
4USBM846631,71,BMW XM (High-Performance PHEV),PHEV,"Assembly Hall 52 (Mid/Full-Size SAC/SAV: X5, X6, X7, XM, iX5)",L1_S12_BATTERY_MARRIAGE,63.47,65.0,342.1,192.6,794.6,571.5,64.4,64.0,WF-800V-9119,PASSED,0.06,2026-09-03T11:44:34.117159+00:00
4USBM846631,71,BMW XM (High-Performance PHEV),PHEV,"Assembly Hall 52 (Mid/Full-Size SAC/SAV: X5, X6, X7, XM, iX5)",L1_S18_POWERTRAIN_DROP,45.65,45.0,367.9,176.7,832.5,527.7,68.6,72.0,WF-800V-9119,PASSED,0.15,2026-09-03T11:44:28.117159+00:00
4USBM846631,71,BMW XM (High-Performance PHEV),PHEV,"Assembly Hall 52 (Mid/Full-Size SAC/SAV: X5, X6, X7, XM, iX5)",L1_S24_EXHAUST_AND_HV,45.17,45.0,349.8,190.9,810.0,543.0,66.5,66.0,WF-800V-9119,PASSED,0.03,2026-09-03T11:44:45.117159+00:00
4USBM846631,71,BMW XM (High-Performance PHEV),PHEV,"Assembly Hall 52 (Mid/Full-Size SAC/SAV: X5, X6, X7, XM, iX5)",L1_S32_DOORS_AND_INTERIOR,45.62,45.0,346.9,184.3,807.1,560.0,59.7,58.0,WF-800V-9119,PASSED,0.01,2026-09-03T11:44:30.117159+00:00
4USBM846631,71,BMW XM (High-Performance PHEV),PHEV,"Assembly Hall 52 (Mid/Full-Size SAC/SAV: X5, X6, X7, XM, iX5)",L1_S40_GLAZING_AND_SEALING,43.26,45.0,349.3,190.5,825.8,531.1,50.1,52.0,WF-800V-9119,PASSED,0.11,2026-09-03T11:44:50.117159+00:00
4USBM846631,71,BMW XM (High-Performance PHEV),PHEV,"Assembly Hall 52 (Mid/Full-Size SAC/SAV: X5, X6, X7, XM, iX5)",L1_S50_FINAL_LINE_ROLLOFF,44.55,45.0,329.1,188.5,810.3,525.0,64.7,64.0,WF-800V-9119,PASSED,0.07,2026-09-03T11:44:59.117159+00:00
4USBM934516,72,BMW X5,ICE,"Assembly Hall 52 (Mid/Full-Size SAC/SAV: X5, X6, X7, XM, iX5)",L1_S01_CHASSIS_INTAKE,44.94,45.0,0.0,186.5,850.7,999.0,49.0,48.0,N/A_ICE,PASSED,0.12,2026-09-03T11:45:49.117159+00:00
4USBM934516,72,BMW X5,ICE,"Assembly Hall 52 (Mid/Full-Size SAC/SAV: X5, X6, X7, XM, iX5)",L1_S05_UNDERBODY_PREP,46.53,45.0,0.0,181.4,843.6,999.0,51.3,54.0,N/A_ICE,PASSED,0.03,2026-09-03T11:45:24.117159+00:00
4USBM934516,72,BMW X5,ICE,"Assembly Hall 52 (Mid/Full-Size SAC/SAV: X5, X6, X7, XM, iX5)",L1_S12_BATTERY_MARRIAGE,66.0,65.0,0.0,188.8,865.5,999.0,33.0,32.0,N/A_ICE,PASSED,0.14,2026-09-03T11:45:27.117159+00:00
4USBM934516,72,BMW X5,ICE,"Assembly Hall 52 (Mid/Full-Size SAC/SAV: X5, X6, X7, XM, iX5)",L1_S18_POWERTRAIN_DROP,45.59,45.0,0.0,185.2,828.4,999.0,66.2,68.0,N/A_ICE,PASSED,0.02,2026-09-03T11:45:29.117159+00:00
4USBM934516,72,BMW X5,ICE,"Assembly Hall 52 (Mid/Full-Size SAC/SAV: X5, X6, X7, XM, iX5)",L1_S24_EXHAUST_AND_HV,43.7,45.0,0.0,188.8,835.5,999.0,62.8,62.0,N/A_ICE,PASSED,0.08,2026-09-03T11:45:45.117159+00:00
4USBM934516,72,BMW X5,ICE,"Assembly Hall 52 (Mid/Full-Size SAC/SAV: X5, X6, X7, XM, iX5)",L1_S32_DOORS_AND_INTERIOR,46.83,45.0,0.0,186.5,828.0,999.0,58.8,56.0,N/A_ICE,PASSED,0.03,2026-09-03T11:45:24.117159+00:00
4USBM934516,72,BMW X5,ICE,"Assembly Hall 52 (Mid/Full-Size SAC/SAV: X5, X6, X7, XM, iX5)",L1_S40_GLAZING_AND_SEALING,45.8,45.0,0.0,175.5,873.5,999.0,52.2,52.0,N/A_ICE,PASSED,0.04,2026-09-03T11:45:47.117159+00:00
4USBM934516,72,BMW X5,ICE,"Assembly Hall 52 (Mid/Full-Size SAC/SAV: X5, X6, X7, XM, iX5)",L1_S50_FINAL_LINE_ROLLOFF,43.25,45.0,0.0,186.0,826.3,999.0,53.8,58.0,N/A_ICE,PASSED,0.06,2026-09-03T11:45:41.117159+00:00
4USBM422569,73,BMW XM (High-Performance PHEV),PHEV,"Assembly Hall 52 (Mid/Full-Size SAC/SAV: X5, X6, X7, XM, iX5)",L1_S01_CHASSIS_INTAKE,46.96,45.0,341.2,195.8,802.7,561.0,51.2,50.0,WF-800V-9858,PASSED,0.04,2026-09-03T11:46:43.117159+00:00
4USBM422569,73,BMW XM (High-Performance PHEV),PHEV,"Assembly Hall 52 (Mid/Full-Size SAC/SAV: X5, X6, X7, XM, iX5)",L1_S05_UNDERBODY_PREP,43.65,45.0,327.3,184.7,828.0,551.2,62.1,58.0,WF-800V-9858,PASSED,0.11,2026-09-03T11:46:42.117159+00:00
4USBM422569,73,BMW XM (High-Performance PHEV),PHEV,"Assembly Hall 52 (Mid/Full-Size SAC/SAV: X5, X6, X7, XM, iX5)",L1_S12_BATTERY_MARRIAGE,64.7,65.0,330.7,187.0,848.5,557.4,67.3,64.0,WF-800V-9858,PASSED,0.15,2026-09-03T11:46:31.117159+00:00
4USBM422569,73,BMW XM (High-Performance PHEV),PHEV,"Assembly Hall 52 (Mid/Full-Size SAC/SAV: X5, X6, X7, XM, iX5)",L1_S18_POWERTRAIN_DROP,45.2,45.0,351.5,173.4,831.7,564.4,69.2,72.0,WF-800V-9858,PASSED,0.14,2026-09-03T11:46:15.117159+00:00
4USBM422569,73,BMW XM (High-Performance PHEV),PHEV,"Assembly Hall 52 (Mid/Full-Size SAC/SAV: X5, X6, X7, XM, iX5)",L1_S24_EXHAUST_AND_HV,46.2,45.0,348.3,187.7,781.6,566.3,64.2,66.0,WF-800V-9858,PASSED,0.08,2026-09-03T11:46:26.117159+00:00
4USBM422569,73,BMW XM (High-Performance PHEV),PHEV,"Assembly Hall 52 (Mid/Full-Size SAC/SAV: X5, X6, X7, XM, iX5)",L1_S32_DOORS_AND_INTERIOR,46.27,45.0,352.7,183.2,822.8,544.5,57.6,58.0,WF-800V-9858,PASSED,0.13,2026-09-03T11:46:24.117159+00:00
4USBM422569,73,BMW XM (High-Performance PHEV),PHEV,"Assembly Hall 52 (Mid/Full-Size SAC/SAV: X5, X6, X7, XM, iX5)",L1_S40_GLAZING_AND_SEALING,43.42,45.0,390.0,178.8,795.5,549.0,51.2,52.0,WF-800V-9858,PASSED,0.1,2026-09-03T11:46:17.117159+00:00
4USBM422569,73,BMW XM (High-Performance PHEV),PHEV,"Assembly Hall 52 (Mid/Full-Size SAC/SAV: X5, X6, X7, XM, iX5)",L1_S50_FINAL_LINE_ROLLOFF,46.68,45.0,325.7,182.6,771.8,557.1,67.3,64.0,WF-800V-9858,PASSED,0.1,2026-09-03T11:46:29.117159+00:00
4USBM542597,74,BMW X7,ICE,"Assembly Hall 52 (Mid/Full-Size SAC/SAV: X5, X6, X7, XM, iX5)",L1_S01_CHASSIS_INTAKE,45.14,45.0,0.0,189.6,798.6,999.0,47.9,48.0,N/A_ICE,PASSED,0.04,2026-09-03T11:47:26.117159+00:00
4USBM542597,74,BMW X7,ICE,"Assembly Hall 52 (Mid/Full-Size SAC/SAV: X5, X6, X7, XM, iX5)",L1_S05_UNDERBODY_PREP,45.88,45.0,0.0,187.7,821.1,999.0,56.8,54.0,N/A_ICE,PASSED,0.06,2026-09-03T11:47:37.117159+00:00
4USBM542597,74,BMW X7,ICE,"Assembly Hall 52 (Mid/Full-Size SAC/SAV: X5, X6, X7, XM, iX5)",L1_S12_BATTERY_MARRIAGE,64.94,65.0,0.0,183.5,775.9,999.0,30.6,32.0,N/A_ICE,PASSED,0.11,2026-09-03T11:47:14.117159+00:00
4USBM542597,74,BMW X7,ICE,"Assembly Hall 52 (Mid/Full-Size SAC/SAV: X5, X6, X7, XM, iX5)",L1_S18_POWERTRAIN_DROP,43.35,45.0,0.0,183.2,804.5,999.0,69.0,68.0,N/A_ICE,PASSED,0.08,2026-09-03T11:47:30.117159+00:00
4USBM542597,74,BMW X7,ICE,"Assembly Hall 52 (Mid/Full-Size SAC/SAV: X5, X6, X7, XM, iX5)",L1_S24_EXHAUST_AND_HV,45.07,45.0,0.0,184.1,834.6,999.0,66.4,62.0,N/A_ICE,PASSED,0.09,2026-09-03T11:47:27.117159+00:00
4USBM542597,74,BMW X7,ICE,"Assembly Hall 52 (Mid/Full-Size SAC/SAV: X5, X6, X7, XM, iX5)",L1_S32_DOORS_AND_INTERIOR,44.8,45.0,0.0,196.4,783.0,999.0,54.9,56.0,N/A_ICE,PASSED,0.05,2026-09-03T11:47:30.117159+00:00
4USBM542597,74,BMW X7,ICE,"Assembly Hall 52 (Mid/Full-Size SAC/SAV: X5, X6, X7, XM, iX5)",L1_S40_GLAZING_AND_SEALING,44.27,45.0,0.0,185.9,800.4,999.0,48.6,52.0,N/A_ICE,PASSED,0.05,2026-09-03T11:47:21.117159+00:00
4USBM542597,74,BMW X7,ICE,"Assembly Hall 52 (Mid/Full-Size SAC/SAV: X5, X6, X7, XM, iX5)",L1_S50_FINAL_LINE_ROLLOFF,43.6,45.0,0.0,179.2,819.1,999.0,54.1,58.0,N/A_ICE,PASSED,0.09,2026-09-03T11:47:43.117159+00:00
4USBM547702,75,BMW X5,PHEV,"Assembly Hall 52 (Mid/Full-Size SAC/SAV: X5, X6, X7, XM, iX5)",L1_S01_CHASSIS_INTAKE,46.57,45.0,328.9,189.3,807.6,555.0,51.9,50.0,WF-800V-9924,PASSED,0.09,2026-09-03T11:48:28.117159+00:00
4USBM547702,75,BMW X5,PHEV,"Assembly Hall 52 (Mid/Full-Size SAC/SAV: X5, X6, X7, XM, iX5)",L1_S05_UNDERBODY_PREP,46.75,45.0,360.5,188.5,816.5,586.3,55.8,58.0,WF-800V-9924,PASSED,0.08,2026-09-03T11:48:33.117159+00:00
4USBM547702,75,BMW X5,PHEV,"Assembly Hall 52 (Mid/Full-Size SAC/SAV: X5, X6, X7, XM, iX5)",L1_S12_BATTERY_MARRIAGE,62.93,65.0,320.4,187.1,821.0,564.1,65.5,64.0,WF-800V-9924,PASSED,0.14,2026-09-03T11:48:30.117159+00:00
4USBM547702,75,BMW X5,PHEV,"Assembly Hall 52 (Mid/Full-Size SAC/SAV: X5, X6, X7, XM, iX5)",L1_S18_POWERTRAIN_DROP,43.82,45.0,341.4,186.6,836.9,542.0,71.0,72.0,WF-800V-9924,PASSED,0.05,2026-09-03T11:48:25.117159+00:00
4USBM547702,75,BMW X5,PHEV,"Assembly Hall 52 (Mid/Full-Size SAC/SAV: X5, X6, X7, XM, iX5)",L1_S24_EXHAUST_AND_HV,45.14,45.0,362.4,189.4,801.6,547.1,66.7,66.0,WF-800V-9924,PASSED,0.06,2026-09-03T11:48:12.117159+00:00
4USBM547702,75,BMW X5,PHEV,"Assembly Hall 52 (Mid/Full-Size SAC/SAV: X5, X6, X7, XM, iX5)",L1_S32_DOORS_AND_INTERIOR,44.97,45.0,321.3,186.8,811.1,540.5,56.7,58.0,WF-800V-9924,PASSED,0.06,2026-09-03T11:48:09.117159+00:00
4USBM547702,75,BMW X5,PHEV,"Assembly Hall 52 (Mid/Full-Size SAC/SAV: X5, X6, X7, XM, iX5)",L1_S40_GLAZING_AND_SEALING,45.46,45.0,340.3,179.7,824.9,559.1,52.9,52.0,WF-800V-9924,PASSED,0.15,2026-09-03T11:48:26.117159+00:00
4USBM547702,75,BMW X5,PHEV,"Assembly Hall 52 (Mid/Full-Size SAC/SAV: X5, X6, X7, XM, iX5)",L1_S50_FINAL_LINE_ROLLOFF,44.05,45.0,347.3,185.8,800.5,539.2,62.7,64.0,WF-800V-9924,PASSED,0.01,2026-09-03T11:48:31.117159+00:00
4USBM189042,76,BMW iX5 Hydrogen/BEV,BEV,"Assembly Hall 52 (Mid/Full-Size SAC/SAV: X5, X6, X7, XM, iX5)",L1_S01_CHASSIS_INTAKE,45.74,45.0,342.7,184.2,817.9,545.2,47.4,52.0,WF-800V-9715,PASSED,0.1,2026-09-03T11:49:11.117159+00:00
4USBM189042,76,BMW iX5 Hydrogen/BEV,BEV,"Assembly Hall 52 (Mid/Full-Size SAC/SAV: X5, X6, X7, XM, iX5)",L1_S05_UNDERBODY_PREP,45.87,45.0,354.9,179.6,825.7,555.1,64.9,62.0,WF-800V-9715,PASSED,0.06,2026-09-03T11:49:15.117159+00:00
4USBM189042,76,BMW iX5 Hydrogen/BEV,BEV,"Assembly Hall 52 (Mid/Full-Size SAC/SAV: X5, X6, X7, XM, iX5)",L1_S12_BATTERY_MARRIAGE,63.8,65.0,346.6,189.1,817.9,570.7,71.9,74.0,WF-800V-9715,PASSED,0.12,2026-09-03T11:49:25.117159+00:00
4USBM189042,76,BMW iX5 Hydrogen/BEV,BEV,"Assembly Hall 52 (Mid/Full-Size SAC/SAV: X5, X6, X7, XM, iX5)",L1_S18_POWERTRAIN_DROP,44.27,45.0,328.3,187.1,814.2,530.7,47.3,46.0,WF-800V-9715,PASSED,0.1,2026-09-03T11:49:03.117159+00:00
4USBM189042,76,BMW iX5 Hydrogen/BEV,BEV,"Assembly Hall 52 (Mid/Full-Size SAC/SAV: X5, X6, X7, XM, iX5)",L1_S24_EXHAUST_AND_HV,45.36,45.0,359.6,177.7,834.0,529.0,46.9,44.0,WF-800V-9715,PASSED,0.13,2026-09-03T11:49:25.117159+00:00
4USBM189042,76,BMW iX5 Hydrogen/BEV,BEV,"Assembly Hall 52 (Mid/Full-Size SAC/SAV: X5, X6, X7, XM, iX5)",L1_S32_DOORS_AND_INTERIOR,46.25,45.0,329.5,179.1,775.7,561.3,62.6,60.0,WF-800V-9715,PASSED,0.04,2026-09-03T11:49:24.117159+00:00
4USBM189042,76,BMW iX5 Hydrogen/BEV,BEV,"Assembly Hall 52 (Mid/Full-Size SAC/SAV: X5, X6, X7, XM, iX5)",L1_S40_GLAZING_AND_SEALING,45.4,45.0,340.3,181.3,862.9,569.2,57.4,54.0,WF-800V-9715,PASSED,0.12,2026-09-03T11:49:22.117159+00:00
4USBM189042,76,BMW iX5 Hydrogen/BEV,BEV,"Assembly Hall 52 (Mid/Full-Size SAC/SAV: X5, X6, X7, XM, iX5)",L1_S50_FINAL_LINE_ROLLOFF,44.87,45.0,345.3,187.0,783.1,550.7,66.3,66.0,WF-800V-9715,PASSED,0.05,2026-09-03T11:49:31.117159+00:00
4USBM866676,77,BMW X5,ICE,"Assembly Hall 52 (Mid/Full-Size SAC/SAV: X5, X6, X7, XM, iX5)",L1_S01_CHASSIS_INTAKE,43.77,45.0,0.0,187.0,867.9,999.0,48.6,48.0,N/A_ICE,PASSED,0.12,2026-09-03T11:50:31.117159+00:00
4USBM866676,77,BMW X5,ICE,"Assembly Hall 52 (Mid/Full-Size SAC/SAV: X5, X6, X7, XM, iX5)",L1_S05_UNDERBODY_PREP,48.3,45.0,0.0,184.0,779.9,999.0,54.5,54.0,N/A_ICE,PASSED,0.01,2026-09-03T11:49:58.117159+00:00
4USBM866676,77,BMW X5,ICE,"Assembly Hall 52 (Mid/Full-Size SAC/SAV: X5, X6, X7, XM, iX5)",L1_S12_BATTERY_MARRIAGE,65.24,65.0,0.0,191.0,845.1,999.0,37.5,32.0,N/A_ICE,PASSED,0.03,2026-09-03T11:49:56.117159+00:00
4USBM866676,77,BMW X5,ICE,"Assembly Hall 52 (Mid/Full-Size SAC/SAV: X5, X6, X7, XM, iX5)",L1_S18_POWERTRAIN_DROP,46.22,45.0,0.0,182.0,810.5,999.0,70.6,68.0,N/A_ICE,PASSED,0.03,2026-09-03T11:50:24.117159+00:00
4USBM866676,77,BMW X5,ICE,"Assembly Hall 52 (Mid/Full-Size SAC/SAV: X5, X6, X7, XM, iX5)",L1_S24_EXHAUST_AND_HV,47.74,45.0,0.0,188.9,799.5,999.0,64.0,62.0,N/A_ICE,PASSED,0.03,2026-09-03T11:50:10.117159+00:00
4USBM866676,77,BMW X5,ICE,"Assembly Hall 52 (Mid/Full-Size SAC/SAV: X5, X6, X7, XM, iX5)",L1_S32_DOORS_AND_INTERIOR,43.69,45.0,0.0,183.9,824.9,999.0,53.0,56.0,N/A_ICE,PASSED,0.14,2026-09-03T11:50:02.117159+00:00
4USBM866676,77,BMW X5,ICE,"Assembly Hall 52 (Mid/Full-Size SAC/SAV: X5, X6, X7, XM, iX5)",L1_S40_GLAZING_AND_SEALING,46.0,45.0,0.0,186.3,814.5,999.0,50.0,52.0,N/A_ICE,PASSED,0.14,2026-09-03T11:50:31.117159+00:00
4USBM866676,77,BMW X5,ICE,"Assembly Hall 52 (Mid/Full-Size SAC/SAV: X5, X6, X7, XM, iX5)",L1_S50_FINAL_LINE_ROLLOFF,45.72,45.0,0.0,191.0,885.0,999.0,51.6,58.0,N/A_ICE,PASSED,0.06,2026-09-03T11:50:01.117159+00:00
4USBM754627,78,BMW X7,ICE,"Assembly Hall 52 (Mid/Full-Size SAC/SAV: X5, X6, X7, XM, iX5)",L1_S01_CHASSIS_INTAKE,45.66,45.0,0.0,183.9,834.2,999.0,44.3,48.0,N/A_ICE,PASSED,0.02,2026-09-03T11:51:04.117159+00:00
4USBM754627,78,BMW X7,ICE,"Assembly Hall 52 (Mid/Full-Size SAC/SAV: X5, X6, X7, XM, iX5)",L1_S05_UNDERBODY_PREP,46.58,45.0,0.0,180.1,832.9,999.0,56.7,54.0,N/A_ICE,PASSED,0.12,2026-09-03T11:51:14.117159+00:00
4USBM754627,78,BMW X7,ICE,"Assembly Hall 52 (Mid/Full-Size SAC/SAV: X5, X6, X7, XM, iX5)",L1_S12_BATTERY_MARRIAGE,66.05,65.0,0.0,185.4,846.1,999.0,33.7,32.0,N/A_ICE,PASSED,0.1,2026-09-03T11:51:18.117159+00:00
4USBM754627,78,BMW X7,ICE,"Assembly Hall 52 (Mid/Full-Size SAC/SAV: X5, X6, X7, XM, iX5)",L1_S18_POWERTRAIN_DROP,43.48,45.0,0.0,183.5,804.6,999.0,72.6,68.0,N/A_ICE,PASSED,0.11,2026-09-03T11:51:20.117159+00:00
4USBM754627,78,BMW X7,ICE,"Assembly Hall 52 (Mid/Full-Size SAC/SAV: X5, X6, X7, XM, iX5)",L1_S24_EXHAUST_AND_HV,45.46,45.0,0.0,183.3,785.5,999.0,61.6,62.0,N/A_ICE,PASSED,0.13,2026-09-03T11:50:52.117159+00:00
4USBM754627,78,BMW X7,ICE,"Assembly Hall 52 (Mid/Full-Size SAC/SAV: X5, X6, X7, XM, iX5)",L1_S32_DOORS_AND_INTERIOR,46.02,45.0,0.0,183.5,800.3,999.0,58.8,56.0,N/A_ICE,PASSED,0.14,2026-09-03T11:51:10.117159+00:00
4USBM754627,78,BMW X7,ICE,"Assembly Hall 52 (Mid/Full-Size SAC/SAV: X5, X6, X7, XM, iX5)",L1_S40_GLAZING_AND_SEALING,43.26,45.0,0.0,184.9,836.9,999.0,51.0,52.0,N/A_ICE,PASSED,0.03,2026-09-03T11:50:52.117159+00:00
4USBM754627,78,BMW X7,ICE,"Assembly Hall 52 (Mid/Full-Size SAC/SAV: X5, X6, X7, XM, iX5)",L1_S50_FINAL_LINE_ROLLOFF,45.44,45.0,0.0,185.6,862.8,999.0,54.8,58.0,N/A_ICE,PASSED,0.08,2026-09-03T11:50:57.117159+00:00
4USBM960261,79,BMW X7,ICE,"Assembly Hall 52 (Mid/Full-Size SAC/SAV: X5, X6, X7, XM, iX5)",L1_S01_CHASSIS_INTAKE,44.92,45.0,0.0,185.3,811.9,999.0,50.8,48.0,N/A_ICE,PASSED,0.01,2026-09-03T11:51:49.117159+00:00
4USBM960261,79,BMW X7,ICE,"Assembly Hall 52 (Mid/Full-Size SAC/SAV: X5, X6, X7, XM, iX5)",L1_S05_UNDERBODY_PREP,45.27,45.0,0.0,182.9,838.9,999.0,57.5,54.0,N/A_ICE,PASSED,0.11,2026-09-03T11:51:43.117159+00:00
4USBM960261,79,BMW X7,ICE,"Assembly Hall 52 (Mid/Full-Size SAC/SAV: X5, X6, X7, XM, iX5)",L1_S12_BATTERY_MARRIAGE,66.42,65.0,0.0,187.8,844.9,999.0,32.9,32.0,N/A_ICE,PASSED,0.02,2026-09-03T11:52:21.117159+00:00
4USBM960261,79,BMW X7,ICE,"Assembly Hall 52 (Mid/Full-Size SAC/SAV: X5, X6, X7, XM, iX5)",L1_S18_POWERTRAIN_DROP,43.66,45.0,0.0,177.3,811.1,999.0,69.7,68.0,N/A_ICE,PASSED,0.02,2026-09-03T11:51:47.117159+00:00
4USBM960261,79,BMW X7,ICE,"Assembly Hall 52 (Mid/Full-Size SAC/SAV: X5, X6, X7, XM, iX5)",L1_S24_EXHAUST_AND_HV,44.32,45.0,0.0,180.6,805.1,999.0,59.6,62.0,N/A_ICE,PASSED,0.01,2026-09-03T11:52:00.117159+00:00
4USBM960261,79,BMW X7,ICE,"Assembly Hall 52 (Mid/Full-Size SAC/SAV: X5, X6, X7, XM, iX5)",L1_S32_DOORS_AND_INTERIOR,44.37,45.0,0.0,188.3,819.0,999.0,56.4,56.0,N/A_ICE,PASSED,0.03,2026-09-03T11:51:58.117159+00:00
4USBM960261,79,BMW X7,ICE,"Assembly Hall 52 (Mid/Full-Size SAC/SAV: X5, X6, X7, XM, iX5)",L1_S40_GLAZING_AND_SEALING,45.43,45.0,0.0,188.8,833.5,999.0,46.1,52.0,N/A_ICE,PASSED,0.09,2026-09-03T11:52:13.117159+00:00
4USBM960261,79,BMW X7,ICE,"Assembly Hall 52 (Mid/Full-Size SAC/SAV: X5, X6, X7, XM, iX5)",L1_S50_FINAL_LINE_ROLLOFF,45.18,45.0,0.0,179.5,822.2,999.0,62.6,58.0,N/A_ICE,PASSED,0.13,2026-09-03T11:51:43.117159+00:00
4USBM859115,80,BMW X5,PHEV,"Assembly Hall 52 (Mid/Full-Size SAC/SAV: X5, X6, X7, XM, iX5)",L1_S01_CHASSIS_INTAKE,45.73,45.0,331.5,181.7,841.6,536.1,47.2,50.0,WF-800V-9011,PASSED,0.04,2026-09-03T11:53:00.117159+00:00
4USBM859115,80,BMW X5,PHEV,"Assembly Hall 52 (Mid/Full-Size SAC/SAV: X5, X6, X7, XM, iX5)",L1_S05_UNDERBODY_PREP,45.91,45.0,340.2,185.5,784.8,536.1,57.9,58.0,WF-800V-9011,PASSED,0.12,2026-09-03T11:52:53.117159+00:00
4USBM859115,80,BMW X5,PHEV,"Assembly Hall 52 (Mid/Full-Size SAC/SAV: X5, X6, X7, XM, iX5)",L1_S12_BATTERY_MARRIAGE,64.21,65.0,335.5,185.8,792.9,564.5,69.2,64.0,WF-800V-9011,PASSED,0.12,2026-09-03T11:53:08.117159+00:00
4USBM859115,80,BMW X5,PHEV,"Assembly Hall 52 (Mid/Full-Size SAC/SAV: X5, X6, X7, XM, iX5)",L1_S18_POWERTRAIN_DROP,45.95,45.0,347.4,178.8,788.6,553.7,72.2,72.0,WF-800V-9011,PASSED,0.02,2026-09-03T11:52:52.117159+00:00
4USBM859115,80,BMW X5,PHEV,"Assembly Hall 52 (Mid/Full-Size SAC/SAV: X5, X6, X7, XM, iX5)",L1_S24_EXHAUST_AND_HV,43.62,45.0,349.8,184.1,823.4,542.5,64.7,66.0,WF-800V-9011,PASSED,0.02,2026-09-03T11:52:56.117159+00:00
4USBM859115,80,BMW X5,PHEV,"Assembly Hall 52 (Mid/Full-Size SAC/SAV: X5, X6, X7, XM, iX5)",L1_S32_DOORS_AND_INTERIOR,44.86,45.0,350.1,174.0,782.6,533.9,57.8,58.0,WF-800V-9011,PASSED,0.1,2026-09-03T11:52:38.117159+00:00
4USBM859115,80,BMW X5,PHEV,"Assembly Hall 52 (Mid/Full-Size SAC/SAV: X5, X6, X7, XM, iX5)",L1_S40_GLAZING_AND_SEALING,44.73,45.0,338.0,181.0,808.4,553.2,53.6,52.0,WF-800V-9011,PASSED,0.15,2026-09-03T11:52:41.117159+00:00
4USBM859115,80,BMW X5,PHEV,"Assembly Hall 52 (Mid/Full-Size SAC/SAV: X5, X6, X7, XM, iX5)",L1_S50_FINAL_LINE_ROLLOFF,44.24,45.0,323.2,183.8,831.5,556.0,60.6,64.0,WF-800V-9011,PASSED,0.04,2026-09-03T11:52:59.117159+00:00
4USBM901399,81,BMW X5,PHEV,"Assembly Hall 52 (Mid/Full-Size SAC/SAV: X5, X6, X7, XM, iX5)",L1_S01_CHASSIS_INTAKE,45.36,45.0,313.2,185.3,826.8,543.3,47.6,50.0,WF-800V-9408,PASSED,0.13,2026-09-03T11:53:35.117159+00:00
4USBM901399,81,BMW X5,PHEV,"Assembly Hall 52 (Mid/Full-Size SAC/SAV: X5, X6, X7, XM, iX5)",L1_S05_UNDERBODY_PREP,47.27,45.0,317.3,186.2,791.5,540.3,57.9,58.0,WF-800V-9408,PASSED,0.06,2026-09-03T11:53:55.117159+00:00
4USBM901399,81,BMW X5,PHEV,"Assembly Hall 52 (Mid/Full-Size SAC/SAV: X5, X6, X7, XM, iX5)",L1_S12_BATTERY_MARRIAGE,64.93,65.0,337.7,191.8,857.1,580.7,60.6,64.0,WF-800V-9408,PASSED,0.06,2026-09-03T11:53:46.117159+00:00
4USBM901399,81,BMW X5,PHEV,"Assembly Hall 52 (Mid/Full-Size SAC/SAV: X5, X6, X7, XM, iX5)",L1_S18_POWERTRAIN_DROP,46.04,45.0,331.9,190.3,795.9,554.8,72.7,72.0,WF-800V-9408,PASSED,0.02,2026-09-03T11:53:52.117159+00:00
4USBM901399,81,BMW X5,PHEV,"Assembly Hall 52 (Mid/Full-Size SAC/SAV: X5, X6, X7, XM, iX5)",L1_S24_EXHAUST_AND_HV,46.36,45.0,323.1,181.2,815.8,530.7,67.8,66.0,WF-800V-9408,PASSED,0.13,2026-09-03T11:53:48.117159+00:00
4USBM901399,81,BMW X5,PHEV,"Assembly Hall 52 (Mid/Full-Size SAC/SAV: X5, X6, X7, XM, iX5)",L1_S32_DOORS_AND_INTERIOR,42.33,45.0,347.5,180.4,798.6,574.0,63.6,58.0,WF-800V-9408,PASSED,0.06,2026-09-03T11:54:08.117159+00:00
4USBM901399,81,BMW X5,PHEV,"Assembly Hall 52 (Mid/Full-Size SAC/SAV: X5, X6, X7, XM, iX5)",L1_S40_GLAZING_AND_SEALING,46.73,45.0,324.6,185.5,793.0,539.5,52.5,52.0,WF-800V-9408,PASSED,0.09,2026-09-03T11:53:49.117159+00:00
4USBM901399,81,BMW X5,PHEV,"Assembly Hall 52 (Mid/Full-Size SAC/SAV: X5, X6, X7, XM, iX5)",L1_S50_FINAL_LINE_ROLLOFF,43.18,45.0,353.6,185.2,858.8,573.9,61.9,64.0,WF-800V-9408,PASSED,0.12,2026-09-03T11:53:54.117159+00:00
4USBM857286,82,BMW X5,ICE,"Assembly Hall 52 (Mid/Full-Size SAC/SAV: X5, X6, X7, XM, iX5)",L1_S01_CHASSIS_INTAKE,45.45,45.0,0.0,186.1,802.6,999.0,46.4,48.0,N/A_ICE,PASSED,0.07,2026-09-03T11:54:50.117159+00:00
4USBM857286,82,BMW X5,ICE,"Assembly Hall 52 (Mid/Full-Size SAC/SAV: X5, X6, X7, XM, iX5)",L1_S05_UNDERBODY_PREP,44.46,45.0,0.0,186.1,863.4,999.0,51.4,54.0,N/A_ICE,PASSED,0.11,2026-09-03T11:54:46.117159+00:00
4USBM857286,82,BMW X5,ICE,"Assembly Hall 52 (Mid/Full-Size SAC/SAV: X5, X6, X7, XM, iX5)",L1_S12_BATTERY_MARRIAGE,64.32,65.0,0.0,197.9,816.8,999.0,32.2,32.0,N/A_ICE,PASSED,0.1,2026-09-03T11:54:58.117159+00:00
4USBM857286,82,BMW X5,ICE,"Assembly Hall 52 (Mid/Full-Size SAC/SAV: X5, X6, X7, XM, iX5)",L1_S18_POWERTRAIN_DROP,44.77,45.0,0.0,182.3,775.5,999.0,67.7,68.0,N/A_ICE,PASSED,0.07,2026-09-03T11:54:28.117159+00:00
4USBM857286,82,BMW X5,ICE,"Assembly Hall 52 (Mid/Full-Size SAC/SAV: X5, X6, X7, XM, iX5)",L1_S24_EXHAUST_AND_HV,44.04,45.0,0.0,177.6,824.1,999.0,60.1,62.0,N/A_ICE,PASSED,0.04,2026-09-03T11:54:51.117159+00:00
4USBM857286,82,BMW X5,ICE,"Assembly Hall 52 (Mid/Full-Size SAC/SAV: X5, X6, X7, XM, iX5)",L1_S32_DOORS_AND_INTERIOR,46.26,45.0,0.0,185.4,820.4,999.0,59.7,56.0,N/A_ICE,PASSED,0.15,2026-09-03T11:54:56.117159+00:00
4USBM857286,82,BMW X5,ICE,"Assembly Hall 52 (Mid/Full-Size SAC/SAV: X5, X6, X7, XM, iX5)",L1_S40_GLAZING_AND_SEALING,43.76,45.0,0.0,188.5,814.9,999.0,56.0,52.0,N/A_ICE,PASSED,0.08,2026-09-03T11:55:04.117159+00:00
4USBM857286,82,BMW X5,ICE,"Assembly Hall 52 (Mid/Full-Size SAC/SAV: X5, X6, X7, XM, iX5)",L1_S50_FINAL_LINE_ROLLOFF,44.74,45.0,0.0,176.8,803.8,999.0,57.6,58.0,N/A_ICE,PASSED,0.03,2026-09-03T11:54:50.117159+00:00
4USBM409619,83,BMW iX5 Hydrogen/BEV,BEV,"Assembly Hall 52 (Mid/Full-Size SAC/SAV: X5, X6, X7, XM, iX5)",L1_S01_CHASSIS_INTAKE,44.9,45.0,337.6,179.0,839.0,539.7,53.0,52.0,WF-800V-9066,PASSED,0.06,2026-09-03T11:55:53.117159+00:00
4USBM409619,83,BMW iX5 Hydrogen/BEV,BEV,"Assembly Hall 52 (Mid/Full-Size SAC/SAV: X5, X6, X7, XM, iX5)",L1_S05_UNDERBODY_PREP,46.29,45.0,342.0,183.4,809.8,571.4,60.0,62.0,WF-800V-9066,PASSED,0.12,2026-09-03T11:55:49.117159+00:00
4USBM409619,83,BMW iX5 Hydrogen/BEV,BEV,"Assembly Hall 52 (Mid/Full-Size SAC/SAV: X5, X6, X7, XM, iX5)",L1_S12_BATTERY_MARRIAGE,65.42,65.0,344.1,185.3,802.5,542.7,76.4,74.0,WF-800V-9066,PASSED,0.1,2026-09-03T11:55:36.117159+00:00
4USBM409619,83,BMW iX5 Hydrogen/BEV,BEV,"Assembly Hall 52 (Mid/Full-Size SAC/SAV: X5, X6, X7, XM, iX5)",L1_S18_POWERTRAIN_DROP,42.67,45.0,353.7,183.7,823.9,567.1,50.1,46.0,WF-800V-9066,PASSED,0.15,2026-09-03T11:55:55.117159+00:00
4USBM409619,83,BMW iX5 Hydrogen/BEV,BEV,"Assembly Hall 52 (Mid/Full-Size SAC/SAV: X5, X6, X7, XM, iX5)",L1_S24_EXHAUST_AND_HV,47.67,45.0,361.0,187.1,828.1,558.4,46.3,44.0,WF-800V-9066,PASSED,0.08,2026-09-03T11:55:36.117159+00:00
4USBM409619,83,BMW iX5 Hydrogen/BEV,BEV,"Assembly Hall 52 (Mid/Full-Size SAC/SAV: X5, X6, X7, XM, iX5)",L1_S32_DOORS_AND_INTERIOR,44.65,45.0,327.8,184.6,827.6,556.3,61.6,60.0,WF-800V-9066,PASSED,0.05,2026-09-03T11:55:29.117159+00:00
4USBM409619,83,BMW iX5 Hydrogen/BEV,BEV,"Assembly Hall 52 (Mid/Full-Size SAC/SAV: X5, X6, X7, XM, iX5)",L1_S40_GLAZING_AND_SEALING,42.32,45.0,358.8,187.3,812.2,560.4,56.3,54.0,WF-800V-9066,PASSED,0.11,2026-09-03T11:55:50.117159+00:00
4USBM409619,83,BMW iX5 Hydrogen/BEV,BEV,"Assembly Hall 52 (Mid/Full-Size SAC/SAV: X5, X6, X7, XM, iX5)",L1_S50_FINAL_LINE_ROLLOFF,44.73,45.0,355.8,181.9,828.7,558.3,66.6,66.0,WF-800V-9066,PASSED,0.02,2026-09-03T11:55:36.117159+00:00
4USBM472002,84,BMW X5,ICE,"Assembly Hall 52 (Mid/Full-Size SAC/SAV: X5, X6, X7, XM, iX5)",L1_S01_CHASSIS_INTAKE,45.28,45.0,0.0,181.2,788.4,999.0,46.9,48.0,N/A_ICE,PASSED,0.09,2026-09-03T11:56:20.117159+00:00
4USBM472002,84,BMW X5,ICE,"Assembly Hall 52 (Mid/Full-Size SAC/SAV: X5, X6, X7, XM, iX5)",L1_S05_UNDERBODY_PREP,46.66,45.0,0.0,184.5,804.7,999.0,56.1,54.0,N/A_ICE,PASSED,0.08,2026-09-03T11:56:35.117159+00:00
4USBM472002,84,BMW X5,ICE,"Assembly Hall 52 (Mid/Full-Size SAC/SAV: X5, X6, X7, XM, iX5)",L1_S12_BATTERY_MARRIAGE,62.92,65.0,0.0,189.9,783.9,999.0,32.2,32.0,N/A_ICE,PASSED,0.1,2026-09-03T11:56:46.117159+00:00
4USBM472002,84,BMW X5,ICE,"Assembly Hall 52 (Mid/Full-Size SAC/SAV: X5, X6, X7, XM, iX5)",L1_S18_POWERTRAIN_DROP,44.48,45.0,0.0,181.9,804.4,999.0,71.0,68.0,N/A_ICE,PASSED,0.11,2026-09-03T11:56:55.117159+00:00
4USBM472002,84,BMW X5,ICE,"Assembly Hall 52 (Mid/Full-Size SAC/SAV: X5, X6, X7, XM, iX5)",L1_S24_EXHAUST_AND_HV,43.68,45.0,0.0,179.1,821.5,999.0,63.3,62.0,N/A_ICE,PASSED,0.05,2026-09-03T11:56:38.117159+00:00
4USBM472002,84,BMW X5,ICE,"Assembly Hall 52 (Mid/Full-Size SAC/SAV: X5, X6, X7, XM, iX5)",L1_S32_DOORS_AND_INTERIOR,46.16,45.0,0.0,180.0,833.6,999.0,61.3,56.0,N/A_ICE,PASSED,0.14,2026-09-03T11:56:43.117159+00:00
4USBM472002,84,BMW X5,ICE,"Assembly Hall 52 (Mid/Full-Size SAC/SAV: X5, X6, X7, XM, iX5)",L1_S40_GLAZING_AND_SEALING,43.87,45.0,0.0,188.3,830.6,999.0,53.2,52.0,N/A_ICE,PASSED,0.12,2026-09-03T11:56:34.117159+00:00
4USBM472002,84,BMW X5,ICE,"Assembly Hall 52 (Mid/Full-Size SAC/SAV: X5, X6, X7, XM, iX5)",L1_S50_FINAL_LINE_ROLLOFF,46.37,45.0,0.0,187.2,847.4,999.0,59.7,58.0,N/A_ICE,PASSED,0.11,2026-09-03T11:56:40.117159+00:00
4USBM320450,85,BMW X5,PHEV,"Assembly Hall 52 (Mid/Full-Size SAC/SAV: X5, X6, X7, XM, iX5)",L1_S01_CHASSIS_INTAKE,45.7,45.0,331.9,176.8,815.7,554.0,52.4,50.0,WF-800V-9625,PASSED,0.14,2026-09-03T11:57:34.117159+00:00
4USBM320450,85,BMW X5,PHEV,"Assembly Hall 52 (Mid/Full-Size SAC/SAV: X5, X6, X7, XM, iX5)",L1_S05_UNDERBODY_PREP,44.3,45.0,342.9,178.1,812.6,539.0,59.1,58.0,WF-800V-9625,PASSED,0.14,2026-09-03T11:57:21.117159+00:00
4USBM320450,85,BMW X5,PHEV,"Assembly Hall 52 (Mid/Full-Size SAC/SAV: X5, X6, X7, XM, iX5)",L1_S12_BATTERY_MARRIAGE,64.58,65.0,356.2,188.5,807.7,544.6,69.1,64.0,WF-800V-9625,PASSED,0.14,2026-09-03T11:57:19.117159+00:00
4USBM320450,85,BMW X5,PHEV,"Assembly Hall 52 (Mid/Full-Size SAC/SAV: X5, X6, X7, XM, iX5)",L1_S18_POWERTRAIN_DROP,43.17,45.0,353.7,188.2,825.0,515.8,70.7,72.0,WF-800V-9625,PASSED,0.02,2026-09-03T11:57:44.117159+00:00
4USBM320450,85,BMW X5,PHEV,"Assembly Hall 52 (Mid/Full-Size SAC/SAV: X5, X6, X7, XM, iX5)",L1_S24_EXHAUST_AND_HV,41.62,45.0,350.3,185.5,838.0,559.2,64.6,66.0,WF-800V-9625,PASSED,0.1,2026-09-03T11:57:27.117159+00:00
4USBM320450,85,BMW X5,PHEV,"Assembly Hall 52 (Mid/Full-Size SAC/SAV: X5, X6, X7, XM, iX5)",L1_S32_DOORS_AND_INTERIOR,44.93,45.0,335.5,183.2,788.9,540.1,57.2,58.0,WF-800V-9625,PASSED,0.11,2026-09-03T11:57:29.117159+00:00
4USBM320450,85,BMW X5,PHEV,"Assembly Hall 52 (Mid/Full-Size SAC/SAV: X5, X6, X7, XM, iX5)",L1_S40_GLAZING_AND_SEALING,45.27,45.0,336.0,187.8,789.8,533.5,52.2,52.0,WF-800V-9625,PASSED,0.02,2026-09-03T11:57:35.117159+00:00
4USBM320450,85,BMW X5,PHEV,"Assembly Hall 52 (Mid/Full-Size SAC/SAV: X5, X6, X7, XM, iX5)",L1_S50_FINAL_LINE_ROLLOFF,44.86,45.0,355.8,189.5,814.6,528.1,68.4,64.0,WF-800V-9625,PASSED,0.05,2026-09-03T11:57:13.117159+00:00
4USBM135656,86,BMW X5,ICE,"Assembly Hall 52 (Mid/Full-Size SAC/SAV: X5, X6, X7, XM, iX5)",L1_S01_CHASSIS_INTAKE,44.2,45.0,0.0,185.7,829.4,999.0,47.3,48.0,N/A_ICE,PASSED,0.1,2026-09-03T11:58:43.117159+00:00
4USBM135656,86,BMW X5,ICE,"Assembly Hall 52 (Mid/Full-Size SAC/SAV: X5, X6, X7, XM, iX5)",L1_S05_UNDERBODY_PREP,46.04,45.0,0.0,177.5,816.1,999.0,55.5,54.0,N/A_ICE,PASSED,0.09,2026-09-03T11:58:33.117159+00:00
4USBM135656,86,BMW X5,ICE,"Assembly Hall 52 (Mid/Full-Size SAC/SAV: X5, X6, X7, XM, iX5)",L1_S12_BATTERY_MARRIAGE,66.05,65.0,0.0,187.6,809.2,999.0,29.3,32.0,N/A_ICE,PASSED,0.11,2026-09-03T11:58:15.117159+00:00
4USBM135656,86,BMW X5,ICE,"Assembly Hall 52 (Mid/Full-Size SAC/SAV: X5, X6, X7, XM, iX5)",L1_S18_POWERTRAIN_DROP,43.86,45.0,0.0,184.9,842.0,999.0,72.4,68.0,N/A_ICE,PASSED,0.13,2026-09-03T11:58:12.117159+00:00
4USBM135656,86,BMW X5,ICE,"Assembly Hall 52 (Mid/Full-Size SAC/SAV: X5, X6, X7, XM, iX5)",L1_S24_EXHAUST_AND_HV,44.33,45.0,0.0,187.7,815.9,999.0,59.7,62.0,N/A_ICE,PASSED,0.02,2026-09-03T11:58:22.117159+00:00
4USBM135656,86,BMW X5,ICE,"Assembly Hall 52 (Mid/Full-Size SAC/SAV: X5, X6, X7, XM, iX5)",L1_S32_DOORS_AND_INTERIOR,44.26,45.0,0.0,185.9,850.4,999.0,57.9,56.0,N/A_ICE,PASSED,0.02,2026-09-03T11:58:25.117159+00:00
4USBM135656,86,BMW X5,ICE,"Assembly Hall 52 (Mid/Full-Size SAC/SAV: X5, X6, X7, XM, iX5)",L1_S40_GLAZING_AND_SEALING,43.78,45.0,0.0,187.3,865.6,999.0,51.9,52.0,N/A_ICE,PASSED,0.04,2026-09-03T11:58:31.117159+00:00
4USBM135656,86,BMW X5,ICE,"Assembly Hall 52 (Mid/Full-Size SAC/SAV: X5, X6, X7, XM, iX5)",L1_S50_FINAL_LINE_ROLLOFF,45.25,45.0,0.0,188.0,794.8,999.0,55.1,58.0,N/A_ICE,PASSED,0.06,2026-09-03T11:58:09.117159+00:00
4USBM636664,87,BMW X5,PHEV,"Assembly Hall 52 (Mid/Full-Size SAC/SAV: X5, X6, X7, XM, iX5)",L1_S01_CHASSIS_INTAKE,45.22,45.0,349.8,183.4,827.5,553.4,48.6,50.0,WF-800V-9083,PASSED,0.01,2026-09-03T11:59:05.117159+00:00
4USBM636664,87,BMW X5,PHEV,"Assembly Hall 52 (Mid/Full-Size SAC/SAV: X5, X6, X7, XM, iX5)",L1_S05_UNDERBODY_PREP,46.25,45.0,356.3,178.1,842.3,536.5,63.2,58.0,WF-800V-9083,PASSED,0.09,2026-09-03T11:59:21.117159+00:00
4USBM636664,87,BMW X5,PHEV,"Assembly Hall 52 (Mid/Full-Size SAC/SAV: X5, X6, X7, XM, iX5)",L1_S12_BATTERY_MARRIAGE,64.93,65.0,359.3,180.1,826.6,551.5,65.0,64.0,WF-800V-9083,PASSED,0.12,2026-09-03T11:59:38.117159+00:00
4USBM636664,87,BMW X5,PHEV,"Assembly Hall 52 (Mid/Full-Size SAC/SAV: X5, X6, X7, XM, iX5)",L1_S18_POWERTRAIN_DROP,44.26,45.0,345.6,185.9,827.4,571.6,70.0,72.0,WF-800V-9083,PASSED,0.07,2026-09-03T11:59:37.117159+00:00
4USBM636664,87,BMW X5,PHEV,"Assembly Hall 52 (Mid/Full-Size SAC/SAV: X5, X6, X7, XM, iX5)",L1_S24_EXHAUST_AND_HV,45.05,45.0,337.8,181.5,846.2,542.1,67.9,66.0,WF-800V-9083,PASSED,0.08,2026-09-03T11:59:09.117159+00:00
4USBM636664,87,BMW X5,PHEV,"Assembly Hall 52 (Mid/Full-Size SAC/SAV: X5, X6, X7, XM, iX5)",L1_S32_DOORS_AND_INTERIOR,45.89,45.0,352.7,187.4,833.5,552.9,55.9,58.0,WF-800V-9083,PASSED,0.03,2026-09-03T11:59:33.117159+00:00
4USBM636664,87,BMW X5,PHEV,"Assembly Hall 52 (Mid/Full-Size SAC/SAV: X5, X6, X7, XM, iX5)",L1_S40_GLAZING_AND_SEALING,45.64,45.0,333.8,193.7,841.4,558.8,54.1,52.0,WF-800V-9083,PASSED,0.05,2026-09-03T11:59:25.117159+00:00
4USBM636664,87,BMW X5,PHEV,"Assembly Hall 52 (Mid/Full-Size SAC/SAV: X5, X6, X7, XM, iX5)",L1_S50_FINAL_LINE_ROLLOFF,43.85,45.0,336.7,181.0,853.6,549.5,62.0,64.0,WF-800V-9083,PASSED,0.12,2026-09-03T11:59:06.117159+00:00
4USBM280278,88,BMW XM (High-Performance PHEV),PHEV,"Assembly Hall 52 (Mid/Full-Size SAC/SAV: X5, X6, X7, XM, iX5)",L1_S01_CHASSIS_INTAKE,43.43,45.0,326.2,182.8,812.2,564.3,51.6,50.0,WF-800V-9810,PASSED,0.13,2026-09-03T12:00:00.117159+00:00
4USBM280278,88,BMW XM (High-Performance PHEV),PHEV,"Assembly Hall 52 (Mid/Full-Size SAC/SAV: X5, X6, X7, XM, iX5)",L1_S05_UNDERBODY_PREP,43.5,45.0,321.8,187.3,832.2,550.2,58.2,58.0,WF-800V-9810,PASSED,0.03,2026-09-03T12:00:30.117159+00:00
4USBM280278,88,BMW XM (High-Performance PHEV),PHEV,"Assembly Hall 52 (Mid/Full-Size SAC/SAV: X5, X6, X7, XM, iX5)",L1_S12_BATTERY_MARRIAGE,63.91,65.0,333.3,179.7,811.0,559.4,58.5,64.0,WF-800V-9810,PASSED,0.12,2026-09-03T12:00:23.117159+00:00
4USBM280278,88,BMW XM (High-Performance PHEV),PHEV,"Assembly Hall 52 (Mid/Full-Size SAC/SAV: X5, X6, X7, XM, iX5)",L1_S18_POWERTRAIN_DROP,46.37,45.0,347.1,184.7,828.5,550.1,70.2,72.0,WF-800V-9810,PASSED,0.01,2026-09-03T12:00:33.117159+00:00
4USBM280278,88,BMW XM (High-Performance PHEV),PHEV,"Assembly Hall 52 (Mid/Full-Size SAC/SAV: X5, X6, X7, XM, iX5)",L1_S24_EXHAUST_AND_HV,42.35,45.0,332.8,187.7,804.1,535.4,72.3,66.0,WF-800V-9810,PASSED,0.03,2026-09-03T12:00:22.117159+00:00
4USBM280278,88,BMW XM (High-Performance PHEV),PHEV,"Assembly Hall 52 (Mid/Full-Size SAC/SAV: X5, X6, X7, XM, iX5)",L1_S32_DOORS_AND_INTERIOR,45.49,45.0,338.7,183.9,836.3,550.0,63.6,58.0,WF-800V-9810,PASSED,0.14,2026-09-03T12:00:31.117159+00:00
4USBM280278,88,BMW XM (High-Performance PHEV),PHEV,"Assembly Hall 52 (Mid/Full-Size SAC/SAV: X5, X6, X7, XM, iX5)",L1_S40_GLAZING_AND_SEALING,44.77,45.0,317.5,188.8,866.8,551.6,51.3,52.0,WF-800V-9810,PASSED,0.12,2026-09-03T12:00:07.117159+00:00
4USBM280278,88,BMW XM (High-Performance PHEV),PHEV,"Assembly Hall 52 (Mid/Full-Size SAC/SAV: X5, X6, X7, XM, iX5)",L1_S50_FINAL_LINE_ROLLOFF,44.66,45.0,343.7,196.1,834.7,545.8,66.2,64.0,WF-800V-9810,PASSED,0.02,2026-09-03T12:00:29.117159+00:00
4USBM176348,89,BMW XM (High-Performance PHEV),PHEV,"Assembly Hall 52 (Mid/Full-Size SAC/SAV: X5, X6, X7, XM, iX5)",L1_S01_CHASSIS_INTAKE,44.82,45.0,347.0,185.8,760.3,512.1,51.7,50.0,WF-800V-9771,PASSED,0.06,2026-09-03T12:01:10.117159+00:00
4USBM176348,89,BMW XM (High-Performance PHEV),PHEV,"Assembly Hall 52 (Mid/Full-Size SAC/SAV: X5, X6, X7, XM, iX5)",L1_S05_UNDERBODY_PREP,44.17,45.0,351.1,181.8,820.8,558.2,57.8,58.0,WF-800V-9771,PASSED,0.01,2026-09-03T12:01:28.117159+00:00
4USBM176348,89,BMW XM (High-Performance PHEV),PHEV,"Assembly Hall 52 (Mid/Full-Size SAC/SAV: X5, X6, X7, XM, iX5)",L1_S12_BATTERY_MARRIAGE,64.75,65.0,326.0,188.5,829.3,557.8,62.2,64.0,WF-800V-9771,PASSED,0.04,2026-09-03T12:01:18.117159+00:00
4USBM176348,89,BMW XM (High-Performance PHEV),PHEV,"Assembly Hall 52 (Mid/Full-Size SAC/SAV: X5, X6, X7, XM, iX5)",L1_S18_POWERTRAIN_DROP,44.46,45.0,333.5,182.2,823.2,572.6,69.7,72.0,WF-800V-9771,PASSED,0.1,2026-09-03T12:01:21.117159+00:00
4USBM176348,89,BMW XM (High-Performance PHEV),PHEV,"Assembly Hall 52 (Mid/Full-Size SAC/SAV: X5, X6, X7, XM, iX5)",L1_S24_EXHAUST_AND_HV,45.71,45.0,324.4,188.6,815.7,574.7,69.1,66.0,WF-800V-9771,PASSED,0.14,2026-09-03T12:01:26.117159+00:00
4USBM176348,89,BMW XM (High-Performance PHEV),PHEV,"Assembly Hall 52 (Mid/Full-Size SAC/SAV: X5, X6, X7, XM, iX5)",L1_S32_DOORS_AND_INTERIOR,44.69,45.0,341.9,187.0,852.8,535.1,56.0,58.0,WF-800V-9771,PASSED,0.04,2026-09-03T12:01:12.117159+00:00
4USBM176348,89,BMW XM (High-Performance PHEV),PHEV,"Assembly Hall 52 (Mid/Full-Size SAC/SAV: X5, X6, X7, XM, iX5)",L1_S40_GLAZING_AND_SEALING,43.21,45.0,335.9,181.5,801.4,547.1,47.4,52.0,WF-800V-9771,PASSED,0.13,2026-09-03T12:01:23.117159+00:00
4USBM176348,89,BMW XM (High-Performance PHEV),PHEV,"Assembly Hall 52 (Mid/Full-Size SAC/SAV: X5, X6, X7, XM, iX5)",L1_S50_FINAL_LINE_ROLLOFF,44.75,45.0,356.0,184.6,812.2,525.6,62.0,64.0,WF-800V-9771,PASSED,0.02,2026-09-03T12:01:14.117159+00:00
4USBM241804,90,BMW X5,ICE,"Assembly Hall 52 (Mid/Full-Size SAC/SAV: X5, X6, X7, XM, iX5)",L1_S01_CHASSIS_INTAKE,43.65,45.0,0.0,188.8,816.8,999.0,48.6,48.0,N/A_ICE,PASSED,0.05,2026-09-03T12:02:20.117159+00:00
4USBM241804,90,BMW X5,ICE,"Assembly Hall 52 (Mid/Full-Size SAC/SAV: X5, X6, X7, XM, iX5)",L1_S05_UNDERBODY_PREP,45.76,45.0,0.0,176.9,778.7,999.0,55.2,54.0,N/A_ICE,PASSED,0.12,2026-09-03T12:02:02.117159+00:00
4USBM241804,90,BMW X5,ICE,"Assembly Hall 52 (Mid/Full-Size SAC/SAV: X5, X6, X7, XM, iX5)",L1_S12_BATTERY_MARRIAGE,63.32,65.0,0.0,190.2,809.5,999.0,34.7,32.0,N/A_ICE,PASSED,0.15,2026-09-03T12:01:52.117159+00:00
4USBM241804,90,BMW X5,ICE,"Assembly Hall 52 (Mid/Full-Size SAC/SAV: X5, X6, X7, XM, iX5)",L1_S18_POWERTRAIN_DROP,43.57,45.0,0.0,178.3,844.3,999.0,72.3,68.0,N/A_ICE,PASSED,0.12,2026-09-03T12:02:26.117159+00:00
4USBM241804,90,BMW X5,ICE,"Assembly Hall 52 (Mid/Full-Size SAC/SAV: X5, X6, X7, XM, iX5)",L1_S24_EXHAUST_AND_HV,44.83,45.0,0.0,181.3,859.6,999.0,60.3,62.0,N/A_ICE,PASSED,0.04,2026-09-03T12:02:05.117159+00:00
4USBM241804,90,BMW X5,ICE,"Assembly Hall 52 (Mid/Full-Size SAC/SAV: X5, X6, X7, XM, iX5)",L1_S32_DOORS_AND_INTERIOR,44.68,45.0,0.0,183.5,789.4,999.0,60.1,56.0,N/A_ICE,PASSED,0.02,2026-09-03T12:02:23.117159+00:00
4USBM241804,90,BMW X5,ICE,"Assembly Hall 52 (Mid/Full-Size SAC/SAV: X5, X6, X7, XM, iX5)",L1_S40_GLAZING_AND_SEALING,43.13,45.0,0.0,180.8,794.7,999.0,51.7,52.0,N/A_ICE,PASSED,0.05,2026-09-03T12:02:15.117159+00:00
4USBM241804,90,BMW X5,ICE,"Assembly Hall 52 (Mid/Full-Size SAC/SAV: X5, X6, X7, XM, iX5)",L1_S50_FINAL_LINE_ROLLOFF,44.53,45.0,0.0,187.5,806.3,999.0,60.3,58.0,N/A_ICE,PASSED,0.06,2026-09-03T12:02:03.117159+00:00
4USBM940181,91,BMW X5,ICE,"Assembly Hall 52 (Mid/Full-Size SAC/SAV: X5, X6, X7, XM, iX5)",L1_S01_CHASSIS_INTAKE,44.88,45.0,0.0,186.5,858.4,999.0,45.9,48.0,N/A_ICE,PASSED,0.03,2026-09-03T12:03:06.117159+00:00
4USBM940181,91,BMW X5,ICE,"Assembly Hall 52 (Mid/Full-Size SAC/SAV: X5, X6, X7, XM, iX5)",L1_S05_UNDERBODY_PREP,43.34,45.0,0.0,189.9,831.7,999.0,50.8,54.0,N/A_ICE,PASSED,0.03,2026-09-03T12:02:56.117159+00:00
4USBM940181,91,BMW X5,ICE,"Assembly Hall 52 (Mid/Full-Size SAC/SAV: X5, X6, X7, XM, iX5)",L1_S12_BATTERY_MARRIAGE,66.33,65.0,0.0,187.1,793.3,999.0,30.2,32.0,N/A_ICE,PASSED,0.01,2026-09-03T12:02:54.117159+00:00
4USBM940181,91,BMW X5,ICE,"Assembly Hall 52 (Mid/Full-Size SAC/SAV: X5, X6, X7, XM, iX5)",L1_S18_POWERTRAIN_DROP,42.79,45.0,0.0,180.4,788.7,999.0,67.9,68.0,N/A_ICE,PASSED,0.13,2026-09-03T12:02:57.117159+00:00
4USBM940181,91,BMW X5,ICE,"Assembly Hall 52 (Mid/Full-Size SAC/SAV: X5, X6, X7, XM, iX5)",L1_S24_EXHAUST_AND_HV,43.43,45.0,0.0,178.6,823.6,999.0,62.7,62.0,N/A_ICE,PASSED,0.08,2026-09-03T12:03:03.117159+00:00
4USBM940181,91,BMW X5,ICE,"Assembly Hall 52 (Mid/Full-Size SAC/SAV: X5, X6, X7, XM, iX5)",L1_S32_DOORS_AND_INTERIOR,44.61,45.0,0.0,188.0,827.5,999.0,55.1,56.0,N/A_ICE,PASSED,0.04,2026-09-03T12:02:55.117159+00:00
4USBM940181,91,BMW X5,ICE,"Assembly Hall 52 (Mid/Full-Size SAC/SAV: X5, X6, X7, XM, iX5)",L1_S40_GLAZING_AND_SEALING,45.95,45.0,0.0,187.1,802.2,999.0,52.6,52.0,N/A_ICE,PASSED,0.04,2026-09-03T12:03:12.117159+00:00
4USBM940181,91,BMW X5,ICE,"Assembly Hall 52 (Mid/Full-Size SAC/SAV: X5, X6, X7, XM, iX5)",L1_S50_FINAL_LINE_ROLLOFF,45.32,45.0,0.0,190.7,830.2,999.0,51.0,58.0,N/A_ICE,PASSED,0.11,2026-09-03T12:02:50.117159+00:00
4USBM227377,92,BMW X7,ICE,"Assembly Hall 52 (Mid/Full-Size SAC/SAV: X5, X6, X7, XM, iX5)",L1_S01_CHASSIS_INTAKE,43.99,45.0,0.0,181.7,818.6,999.0,44.9,48.0,N/A_ICE,PASSED,0.12,2026-09-03T12:04:00.117159+00:00
4USBM227377,92,BMW X7,ICE,"Assembly Hall 52 (Mid/Full-Size SAC/SAV: X5, X6, X7, XM, iX5)",L1_S05_UNDERBODY_PREP,44.57,45.0,0.0,185.1,846.9,999.0,57.4,54.0,N/A_ICE,PASSED,0.02,2026-09-03T12:03:40.117159+00:00
4USBM227377,92,BMW X7,ICE,"Assembly Hall 52 (Mid/Full-Size SAC/SAV: X5, X6, X7, XM, iX5)",L1_S12_BATTERY_MARRIAGE,65.97,65.0,0.0,189.7,819.0,999.0,29.6,32.0,N/A_ICE,PASSED,0.01,2026-09-03T12:04:01.117159+00:00
4USBM227377,92,BMW X7,ICE,"Assembly Hall 52 (Mid/Full-Size SAC/SAV: X5, X6, X7, XM, iX5)",L1_S18_POWERTRAIN_DROP,41.68,45.0,0.0,187.6,798.6,999.0,64.9,68.0,N/A_ICE,PASSED,0.05,2026-09-03T12:04:01.117159+00:00
4USBM227377,92,BMW X7,ICE,"Assembly Hall 52 (Mid/Full-Size SAC/SAV: X5, X6, X7, XM, iX5)",L1_S24_EXHAUST_AND_HV,44.52,45.0,0.0,182.5,798.6,999.0,62.6,62.0,N/A_ICE,PASSED,0.13,2026-09-03T12:04:16.117159+00:00
4USBM227377,92,BMW X7,ICE,"Assembly Hall 52 (Mid/Full-Size SAC/SAV: X5, X6, X7, XM, iX5)",L1_S32_DOORS_AND_INTERIOR,47.85,45.0,0.0,187.7,812.7,999.0,58.1,56.0,N/A_ICE,PASSED,0.04,2026-09-03T12:03:37.117159+00:00
4USBM227377,92,BMW X7,ICE,"Assembly Hall 52 (Mid/Full-Size SAC/SAV: X5, X6, X7, XM, iX5)",L1_S40_GLAZING_AND_SEALING,45.4,45.0,0.0,181.0,802.1,999.0,51.4,52.0,N/A_ICE,PASSED,0.08,2026-09-03T12:04:12.117159+00:00
4USBM227377,92,BMW X7,ICE,"Assembly Hall 52 (Mid/Full-Size SAC/SAV: X5, X6, X7, XM, iX5)",L1_S50_FINAL_LINE_ROLLOFF,45.27,45.0,0.0,183.7,830.1,999.0,58.3,58.0,N/A_ICE,PASSED,0.07,2026-09-03T12:04:08.117159+00:00
4USBM644543,93,BMW X5,PHEV,"Assembly Hall 52 (Mid/Full-Size SAC/SAV: X5, X6, X7, XM, iX5)",L1_S01_CHASSIS_INTAKE,45.05,45.0,333.2,188.2,845.4,560.2,54.2,50.0,WF-800V-9955,PASSED,0.02,2026-09-03T12:04:54.117159+00:00
4USBM644543,93,BMW X5,PHEV,"Assembly Hall 52 (Mid/Full-Size SAC/SAV: X5, X6, X7, XM, iX5)",L1_S05_UNDERBODY_PREP,45.46,45.0,313.1,193.4,790.0,549.5,56.3,58.0,WF-800V-9955,PASSED,0.02,2026-09-03T12:05:08.117159+00:00
4USBM644543,93,BMW X5,PHEV,"Assembly Hall 52 (Mid/Full-Size SAC/SAV: X5, X6, X7, XM, iX5)",L1_S12_BATTERY_MARRIAGE,65.99,65.0,322.4,186.5,779.8,536.7,64.6,64.0,WF-800V-9955,PASSED,0.04,2026-09-03T12:05:09.117159+00:00
4USBM644543,93,BMW X5,PHEV,"Assembly Hall 52 (Mid/Full-Size SAC/SAV: X5, X6, X7, XM, iX5)",L1_S18_POWERTRAIN_DROP,43.74,45.0,348.3,189.1,782.8,536.5,71.5,72.0,WF-800V-9955,PASSED,0.04,2026-09-03T12:04:44.117159+00:00
4USBM644543,93,BMW X5,PHEV,"Assembly Hall 52 (Mid/Full-Size SAC/SAV: X5, X6, X7, XM, iX5)",L1_S24_EXHAUST_AND_HV,44.41,45.0,342.2,183.1,817.1,508.8,64.9,66.0,WF-800V-9955,PASSED,0.04,2026-09-03T12:04:58.117159+00:00
4USBM644543,93,BMW X5,PHEV,"Assembly Hall 52 (Mid/Full-Size SAC/SAV: X5, X6, X7, XM, iX5)",L1_S32_DOORS_AND_INTERIOR,47.77,45.0,349.8,173.2,837.4,589.9,57.1,58.0,WF-800V-9955,PASSED,0.1,2026-09-03T12:04:56.117159+00:00
4USBM644543,93,BMW X5,PHEV,"Assembly Hall 52 (Mid/Full-Size SAC/SAV: X5, X6, X7, XM, iX5)",L1_S40_GLAZING_AND_SEALING,44.97,45.0,329.0,182.2,829.4,552.8,56.2,52.0,WF-800V-9955,PASSED,0.12,2026-09-03T12:04:38.117159+00:00
4USBM644543,93,BMW X5,PHEV,"Assembly Hall 52 (Mid/Full-Size SAC/SAV: X5, X6, X7, XM, iX5)",L1_S50_FINAL_LINE_ROLLOFF,44.33,45.0,344.1,184.8,787.1,503.6,61.4,64.0,WF-800V-9955,PASSED,0.12,2026-09-03T12:05:05.117159+00:00
4USBM522017,94,BMW X5,PHEV,"Assembly Hall 52 (Mid/Full-Size SAC/SAV: X5, X6, X7, XM, iX5)",L1_S01_CHASSIS_INTAKE,45.25,45.0,362.1,181.3,784.7,549.4,49.1,50.0,WF-800V-9447,PASSED,0.01,2026-09-03T12:05:58.117159+00:00
4USBM522017,94,BMW X5,PHEV,"Assembly Hall 52 (Mid/Full-Size SAC/SAV: X5, X6, X7, XM, iX5)",L1_S05_UNDERBODY_PREP,44.94,45.0,349.8,185.7,797.6,560.6,60.1,58.0,WF-800V-9447,PASSED,0.06,2026-09-03T12:05:30.117159+00:00
4USBM522017,94,BMW X5,PHEV,"Assembly Hall 52 (Mid/Full-Size SAC/SAV: X5, X6, X7, XM, iX5)",L1_S12_BATTERY_MARRIAGE,63.8,65.0,373.0,179.4,804.5,567.4,66.0,64.0,WF-800V-9447,PASSED,0.14,2026-09-03T12:05:31.117159+00:00
4USBM522017,94,BMW X5,PHEV,"Assembly Hall 52 (Mid/Full-Size SAC/SAV: X5, X6, X7, XM, iX5)",L1_S18_POWERTRAIN_DROP,44.12,45.0,327.9,185.3,822.7,564.5,71.6,72.0,WF-800V-9447,PASSED,0.02,2026-09-03T12:05:47.117159+00:00
4USBM522017,94,BMW X5,PHEV,"Assembly Hall 52 (Mid/Full-Size SAC/SAV: X5, X6, X7, XM, iX5)",L1_S24_EXHAUST_AND_HV,46.0,45.0,348.9,185.4,802.4,548.9,65.2,66.0,WF-800V-9447,PASSED,0.03,2026-09-03T12:06:03.117159+00:00
4USBM522017,94,BMW X5,PHEV,"Assembly Hall 52 (Mid/Full-Size SAC/SAV: X5, X6, X7, XM, iX5)",L1_S32_DOORS_AND_INTERIOR,45.07,45.0,361.7,186.1,831.9,555.1,62.2,58.0,WF-800V-9447,PASSED,0.04,2026-09-03T12:05:44.117159+00:00
4USBM522017,94,BMW X5,PHEV,"Assembly Hall 52 (Mid/Full-Size SAC/SAV: X5, X6, X7, XM, iX5)",L1_S40_GLAZING_AND_SEALING,44.19,45.0,328.0,183.4,850.1,535.7,53.0,52.0,WF-800V-9447,PASSED,0.1,2026-09-03T12:05:47.117159+00:00
4USBM522017,94,BMW X5,PHEV,"Assembly Hall 52 (Mid/Full-Size SAC/SAV: X5, X6, X7, XM, iX5)",L1_S50_FINAL_LINE_ROLLOFF,44.66,45.0,343.3,194.9,808.3,557.1,60.7,64.0,WF-800V-9447,PASSED,0.03,2026-09-03T12:05:50.117159+00:00
4USBM511010,95,BMW X5,PHEV,"Assembly Hall 52 (Mid/Full-Size SAC/SAV: X5, X6, X7, XM, iX5)",L1_S01_CHASSIS_INTAKE,44.06,45.0,330.9,184.1,849.3,542.8,44.5,50.0,WF-800V-9586,PASSED,0.02,2026-09-03T12:06:31.117159+00:00
4USBM511010,95,BMW X5,PHEV,"Assembly Hall 52 (Mid/Full-Size SAC/SAV: X5, X6, X7, XM, iX5)",L1_S05_UNDERBODY_PREP,43.74,45.0,346.5,179.2,822.9,533.1,64.3,58.0,WF-800V-9586,PASSED,0.06,2026-09-03T12:06:53.117159+00:00
4USBM511010,95,BMW X5,PHEV,"Assembly Hall 52 (Mid/Full-Size SAC/SAV: X5, X6, X7, XM, iX5)",L1_S12_BATTERY_MARRIAGE,63.97,65.0,334.8,178.8,790.0,557.0,69.2,64.0,WF-800V-9586,PASSED,0.14,2026-09-03T12:06:48.117159+00:00
4USBM511010,95,BMW X5,PHEV,"Assembly Hall 52 (Mid/Full-Size SAC/SAV: X5, X6, X7, XM, iX5)",L1_S18_POWERTRAIN_DROP,44.57,45.0,340.2,177.5,822.3,543.4,68.2,72.0,WF-800V-9586,PASSED,0.06,2026-09-03T12:06:39.117159+00:00
4USBM511010,95,BMW X5,PHEV,"Assembly Hall 52 (Mid/Full-Size SAC/SAV: X5, X6, X7, XM, iX5)",L1_S24_EXHAUST_AND_HV,44.76,45.0,327.2,194.9,779.9,585.5,68.1,66.0,WF-800V-9586,PASSED,0.12,2026-09-03T12:06:23.117159+00:00
4USBM511010,95,BMW X5,PHEV,"Assembly Hall 52 (Mid/Full-Size SAC/SAV: X5, X6, X7, XM, iX5)",L1_S32_DOORS_AND_INTERIOR,43.33,45.0,332.1,192.0,836.3,563.2,57.3,58.0,WF-800V-9586,PASSED,0.14,2026-09-03T12:06:34.117159+00:00
4USBM511010,95,BMW X5,PHEV,"Assembly Hall 52 (Mid/Full-Size SAC/SAV: X5, X6, X7, XM, iX5)",L1_S40_GLAZING_AND_SEALING,45.91,45.0,347.0,183.7,812.2,549.0,52.3,52.0,WF-800V-9586,PASSED,0.03,2026-09-03T12:06:53.117159+00:00
4USBM511010,95,BMW X5,PHEV,"Assembly Hall 52 (Mid/Full-Size SAC/SAV: X5, X6, X7, XM, iX5)",L1_S50_FINAL_LINE_ROLLOFF,44.55,45.0,329.5,190.1,800.2,550.5,64.4,64.0,WF-800V-9586,PASSED,0.06,2026-09-03T12:06:52.117159+00:00
4USBM971978,96,BMW X5,PHEV,"Assembly Hall 52 (Mid/Full-Size SAC/SAV: X5, X6, X7, XM, iX5)",L1_S01_CHASSIS_INTAKE,44.58,45.0,344.0,182.6,795.2,538.1,50.8,50.0,WF-800V-9244,PASSED,0.09,2026-09-03T12:07:26.117159+00:00
4USBM971978,96,BMW X5,PHEV,"Assembly Hall 52 (Mid/Full-Size SAC/SAV: X5, X6, X7, XM, iX5)",L1_S05_UNDERBODY_PREP,46.0,45.0,338.2,191.0,782.0,556.7,55.9,58.0,WF-800V-9244,PASSED,0.06,2026-09-03T12:07:34.117159+00:00
4USBM971978,96,BMW X5,PHEV,"Assembly Hall 52 (Mid/Full-Size SAC/SAV: X5, X6, X7, XM, iX5)",L1_S12_BATTERY_MARRIAGE,66.5,65.0,337.3,178.9,823.8,571.3,64.3,64.0,WF-800V-9244,PASSED,0.1,2026-09-03T12:07:37.117159+00:00
4USBM971978,96,BMW X5,PHEV,"Assembly Hall 52 (Mid/Full-Size SAC/SAV: X5, X6, X7, XM, iX5)",L1_S18_POWERTRAIN_DROP,42.3,45.0,360.0,183.9,799.5,556.0,74.9,72.0,WF-800V-9244,PASSED,0.03,2026-09-03T12:07:18.117159+00:00
4USBM971978,96,BMW X5,PHEV,"Assembly Hall 52 (Mid/Full-Size SAC/SAV: X5, X6, X7, XM, iX5)",L1_S24_EXHAUST_AND_HV,44.09,45.0,334.0,185.4,839.6,540.8,62.0,66.0,WF-800V-9244,PASSED,0.1,2026-09-03T12:07:28.117159+00:00
4USBM971978,96,BMW X5,PHEV,"Assembly Hall 52 (Mid/Full-Size SAC/SAV: X5, X6, X7, XM, iX5)",L1_S32_DOORS_AND_INTERIOR,44.32,45.0,346.5,183.8,765.0,537.0,59.7,58.0,WF-800V-9244,PASSED,0.1,2026-09-03T12:07:29.117159+00:00
4USBM971978,96,BMW X5,PHEV,"Assembly Hall 52 (Mid/Full-Size SAC/SAV: X5, X6, X7, XM, iX5)",L1_S40_GLAZING_AND_SEALING,44.53,45.0,335.8,185.7,836.2,558.1,52.8,52.0,WF-800V-9244,PASSED,0.11,2026-09-03T12:07:46.117159+00:00
4USBM971978,96,BMW X5,PHEV,"Assembly Hall 52 (Mid/Full-Size SAC/SAV: X5, X6, X7, XM, iX5)",L1_S50_FINAL_LINE_ROLLOFF,45.34,45.0,326.6,184.0,788.6,576.9,63.0,64.0,WF-800V-9244,PASSED,0.02,2026-09-03T12:07:20.117159+00:00
4USBM247430,97,BMW X5,PHEV,"Assembly Hall 52 (Mid/Full-Size SAC/SAV: X5, X6, X7, XM, iX5)",L1_S01_CHASSIS_INTAKE,43.35,45.0,348.9,186.4,783.2,549.0,50.4,50.0,WF-800V-9016,PASSED,0.08,2026-09-03T12:08:27.117159+00:00
4USBM247430,97,BMW X5,PHEV,"Assembly Hall 52 (Mid/Full-Size SAC/SAV: X5, X6, X7, XM, iX5)",L1_S05_UNDERBODY_PREP,45.13,45.0,342.9,184.8,876.5,560.7,57.6,58.0,WF-800V-9016,PASSED,0.13,2026-09-03T12:08:50.117159+00:00
4USBM247430,97,BMW X5,PHEV,"Assembly Hall 52 (Mid/Full-Size SAC/SAV: X5, X6, X7, XM, iX5)",L1_S12_BATTERY_MARRIAGE,64.63,65.0,348.1,185.2,881.9,576.7,64.5,64.0,WF-800V-9016,PASSED,0.13,2026-09-03T12:08:45.117159+00:00
4USBM247430,97,BMW X5,PHEV,"Assembly Hall 52 (Mid/Full-Size SAC/SAV: X5, X6, X7, XM, iX5)",L1_S18_POWERTRAIN_DROP,47.57,45.0,355.4,187.1,863.9,549.9,72.5,72.0,WF-800V-9016,PASSED,0.06,2026-09-03T12:08:17.117159+00:00
4USBM247430,97,BMW X5,PHEV,"Assembly Hall 52 (Mid/Full-Size SAC/SAV: X5, X6, X7, XM, iX5)",L1_S24_EXHAUST_AND_HV,45.81,45.0,328.3,177.5,832.1,566.9,69.0,66.0,WF-800V-9016,PASSED,0.12,2026-09-03T12:08:27.117159+00:00
4USBM247430,97,BMW X5,PHEV,"Assembly Hall 52 (Mid/Full-Size SAC/SAV: X5, X6, X7, XM, iX5)",L1_S32_DOORS_AND_INTERIOR,45.43,45.0,336.7,183.5,836.9,529.8,62.6,58.0,WF-800V-9016,PASSED,0.03,2026-09-03T12:08:44.117159+00:00
4USBM247430,97,BMW X5,PHEV,"Assembly Hall 52 (Mid/Full-Size SAC/SAV: X5, X6, X7, XM, iX5)",L1_S40_GLAZING_AND_SEALING,46.14,45.0,337.2,177.2,838.8,541.1,52.9,52.0,WF-800V-9016,PASSED,0.08,2026-09-03T12:08:39.117159+00:00
4USBM247430,97,BMW X5,PHEV,"Assembly Hall 52 (Mid/Full-Size SAC/SAV: X5, X6, X7, XM, iX5)",L1_S50_FINAL_LINE_ROLLOFF,44.13,45.0,325.4,194.7,798.8,566.7,57.3,64.0,WF-800V-9016,PASSED,0.11,2026-09-03T12:08:17.117159+00:00
4USBM775760,98,BMW X5,PHEV,"Assembly Hall 52 (Mid/Full-Size SAC/SAV: X5, X6, X7, XM, iX5)",L1_S01_CHASSIS_INTAKE,43.27,45.0,325.6,187.7,826.1,560.4,48.1,50.0,WF-800V-9409,PASSED,0.04,2026-09-03T12:09:39.117159+00:00
4USBM775760,98,BMW X5,PHEV,"Assembly Hall 52 (Mid/Full-Size SAC/SAV: X5, X6, X7, XM, iX5)",L1_S05_UNDERBODY_PREP,46.02,45.0,356.5,190.9,804.8,530.1,61.2,58.0,WF-800V-9409,PASSED,0.11,2026-09-03T12:09:15.117159+00:00
4USBM775760,98,BMW X5,PHEV,"Assembly Hall 52 (Mid/Full-Size SAC/SAV: X5, X6, X7, XM, iX5)",L1_S12_BATTERY_MARRIAGE,64.25,65.0,345.9,185.1,830.4,574.9,60.8,64.0,WF-800V-9409,PASSED,0.09,2026-09-03T12:09:10.117159+00:00
4USBM775760,98,BMW X5,PHEV,"Assembly Hall 52 (Mid/Full-Size SAC/SAV: X5, X6, X7, XM, iX5)",L1_S18_POWERTRAIN_DROP,46.14,45.0,328.6,183.4,814.2,545.3,75.3,72.0,WF-800V-9409,PASSED,0.05,2026-09-03T12:09:44.117159+00:00
4USBM775760,98,BMW X5,PHEV,"Assembly Hall 52 (Mid/Full-Size SAC/SAV: X5, X6, X7, XM, iX5)",L1_S24_EXHAUST_AND_HV,45.45,45.0,330.9,183.7,814.9,583.9,61.1,66.0,WF-800V-9409,PASSED,0.12,2026-09-03T12:09:46.117159+00:00
4USBM775760,98,BMW X5,PHEV,"Assembly Hall 52 (Mid/Full-Size SAC/SAV: X5, X6, X7, XM, iX5)",L1_S32_DOORS_AND_INTERIOR,46.43,45.0,343.5,184.5,795.7,569.7,56.5,58.0,WF-800V-9409,PASSED,0.14,2026-09-03T12:09:13.117159+00:00
4USBM775760,98,BMW X5,PHEV,"Assembly Hall 52 (Mid/Full-Size SAC/SAV: X5, X6, X7, XM, iX5)",L1_S40_GLAZING_AND_SEALING,42.66,45.0,367.7,179.9,842.5,576.3,56.1,52.0,WF-800V-9409,PASSED,0.14,2026-09-03T12:09:23.117159+00:00
4USBM775760,98,BMW X5,PHEV,"Assembly Hall 52 (Mid/Full-Size SAC/SAV: X5, X6, X7, XM, iX5)",L1_S50_FINAL_LINE_ROLLOFF,45.72,45.0,329.2,189.3,799.9,564.3,61.6,64.0,WF-800V-9409,PASSED,0.15,2026-09-03T12:09:28.117159+00:00
4USBM250377,99,BMW X5,PHEV,"Assembly Hall 52 (Mid/Full-Size SAC/SAV: X5, X6, X7, XM, iX5)",L1_S01_CHASSIS_INTAKE,44.66,45.0,353.0,189.8,831.3,562.4,51.9,50.0,WF-800V-8986,PASSED,0.01,2026-09-03T12:10:22.117159+00:00
4USBM250377,99,BMW X5,PHEV,"Assembly Hall 52 (Mid/Full-Size SAC/SAV: X5, X6, X7, XM, iX5)",L1_S05_UNDERBODY_PREP,45.01,45.0,367.2,187.8,811.6,539.1,61.4,58.0,WF-800V-8986,PASSED,0.09,2026-09-03T12:10:04.117159+00:00
4USBM250377,99,BMW X5,PHEV,"Assembly Hall 52 (Mid/Full-Size SAC/SAV: X5, X6, X7, XM, iX5)",L1_S12_BATTERY_MARRIAGE,64.59,65.0,350.7,185.0,838.0,522.4,62.5,64.0,WF-800V-8986,PASSED,0.07,2026-09-03T12:10:03.117159+00:00
4USBM250377,99,BMW X5,PHEV,"Assembly Hall 52 (Mid/Full-Size SAC/SAV: X5, X6, X7, XM, iX5)",L1_S18_POWERTRAIN_DROP,46.96,45.0,339.8,181.5,841.6,543.5,67.0,72.0,WF-800V-8986,PASSED,0.07,2026-09-03T12:10:03.117159+00:00
4USBM250377,99,BMW X5,PHEV,"Assembly Hall 52 (Mid/Full-Size SAC/SAV: X5, X6, X7, XM, iX5)",L1_S24_EXHAUST_AND_HV,46.73,45.0,356.6,181.6,802.1,558.3,63.4,66.0,WF-800V-8986,PASSED,0.05,2026-09-03T12:10:20.117159+00:00
4USBM250377,99,BMW X5,PHEV,"Assembly Hall 52 (Mid/Full-Size SAC/SAV: X5, X6, X7, XM, iX5)",L1_S32_DOORS_AND_INTERIOR,43.73,45.0,349.2,189.0,822.1,546.4,56.2,58.0,WF-800V-8986,PASSED,0.14,2026-09-03T12:10:32.117159+00:00
4USBM250377,99,BMW X5,PHEV,"Assembly Hall 52 (Mid/Full-Size SAC/SAV: X5, X6, X7, XM, iX5)",L1_S40_GLAZING_AND_SEALING,46.08,45.0,358.2,176.5,820.2,541.8,52.5,52.0,WF-800V-8986,PASSED,0.08,2026-09-03T12:10:39.117159+00:00
4USBM250377,99,BMW X5,PHEV,"Assembly Hall 52 (Mid/Full-Size SAC/SAV: X5, X6, X7, XM, iX5)",L1_S50_FINAL_LINE_ROLLOFF,44.73,45.0,357.3,192.6,859.1,559.9,65.5,64.0,WF-800V-8986,PASSED,0.15,2026-09-03T12:10:27.117159+00:00
4USBM382668,100,BMW X5,ICE,"Assembly Hall 52 (Mid/Full-Size SAC/SAV: X5, X6, X7, XM, iX5)",L1_S01_CHASSIS_INTAKE,44.84,45.0,0.0,192.1,843.4,999.0,46.6,48.0,N/A_ICE,PASSED,0.04,2026-09-03T12:11:14.117159+00:00
4USBM382668,100,BMW X5,ICE,"Assembly Hall 52 (Mid/Full-Size SAC/SAV: X5, X6, X7, XM, iX5)",L1_S05_UNDERBODY_PREP,44.42,45.0,0.0,184.9,795.8,999.0,55.5,54.0,N/A_ICE,PASSED,0.08,2026-09-03T12:11:00.117159+00:00
4USBM382668,100,BMW X5,ICE,"Assembly Hall 52 (Mid/Full-Size SAC/SAV: X5, X6, X7, XM, iX5)",L1_S12_BATTERY_MARRIAGE,67.26,65.0,0.0,188.3,839.2,999.0,36.3,32.0,N/A_ICE,PASSED,0.11,2026-09-03T12:11:00.117159+00:00
4USBM382668,100,BMW X5,ICE,"Assembly Hall 52 (Mid/Full-Size SAC/SAV: X5, X6, X7, XM, iX5)",L1_S18_POWERTRAIN_DROP,43.37,45.0,0.0,190.8,826.7,999.0,63.8,68.0,N/A_ICE,PASSED,0.04,2026-09-03T12:11:19.117159+00:00
4USBM382668,100,BMW X5,ICE,"Assembly Hall 52 (Mid/Full-Size SAC/SAV: X5, X6, X7, XM, iX5)",L1_S24_EXHAUST_AND_HV,45.83,45.0,0.0,188.9,814.4,999.0,60.1,62.0,N/A_ICE,PASSED,0.03,2026-09-03T12:11:20.117159+00:00
4USBM382668,100,BMW X5,ICE,"Assembly Hall 52 (Mid/Full-Size SAC/SAV: X5, X6, X7, XM, iX5)",L1_S32_DOORS_AND_INTERIOR,45.38,45.0,0.0,189.4,888.2,999.0,52.1,56.0,N/A_ICE,PASSED,0.11,2026-09-03T12:11:26.117159+00:00
4USBM382668,100,BMW X5,ICE,"Assembly Hall 52 (Mid/Full-Size SAC/SAV: X5, X6, X7, XM, iX5)",L1_S40_GLAZING_AND_SEALING,46.44,45.0,0.0,181.4,844.4,999.0,51.6,52.0,N/A_ICE,PASSED,0.12,2026-09-03T12:11:32.117159+00:00
4USBM382668,100,BMW X5,ICE,"Assembly Hall 52 (Mid/Full-Size SAC/SAV: X5, X6, X7, XM, iX5)",L1_S50_FINAL_LINE_ROLLOFF,45.15,45.0,0.0,188.4,813.1,999.0,58.1,58.0,N/A_ICE,PASSED,0.12,2026-09-03T12:11:14.117159+00:00
4USBM894236,101,BMW X5,PHEV,"Assembly Hall 52 (Mid/Full-Size SAC/SAV: X5, X6, X7, XM, iX5)",L1_S01_CHASSIS_INTAKE,43.83,45.0,330.6,178.3,799.3,561.3,46.6,50.0,WF-800V-9767,PASSED,0.05,2026-09-03T12:11:55.117159+00:00
4USBM894236,101,BMW X5,PHEV,"Assembly Hall 52 (Mid/Full-Size SAC/SAV: X5, X6, X7, XM, iX5)",L1_S05_UNDERBODY_PREP,45.68,45.0,337.4,176.3,794.5,556.0,57.1,58.0,WF-800V-9767,PASSED,0.12,2026-09-03T12:11:58.117159+00:00
4USBM894236,101,BMW X5,PHEV,"Assembly Hall 52 (Mid/Full-Size SAC/SAV: X5, X6, X7, XM, iX5)",L1_S12_BATTERY_MARRIAGE,65.82,65.0,329.4,179.4,857.2,556.9,68.6,64.0,WF-800V-9767,PASSED,0.03,2026-09-03T12:12:22.117159+00:00
4USBM894236,101,BMW X5,PHEV,"Assembly Hall 52 (Mid/Full-Size SAC/SAV: X5, X6, X7, XM, iX5)",L1_S18_POWERTRAIN_DROP,45.76,45.0,354.1,186.0,817.9,529.6,71.2,72.0,WF-800V-9767,PASSED,0.04,2026-09-03T12:12:01.117159+00:00
4USBM894236,101,BMW X5,PHEV,"Assembly Hall 52 (Mid/Full-Size SAC/SAV: X5, X6, X7, XM, iX5)",L1_S24_EXHAUST_AND_HV,43.14,45.0,332.3,185.1,838.4,531.1,68.7,66.0,WF-800V-9767,PASSED,0.09,2026-09-03T12:12:09.117159+00:00
4USBM894236,101,BMW X5,PHEV,"Assembly Hall 52 (Mid/Full-Size SAC/SAV: X5, X6, X7, XM, iX5)",L1_S32_DOORS_AND_INTERIOR,46.04,45.0,337.2,188.7,815.9,544.8,56.3,58.0,WF-800V-9767,PASSED,0.02,2026-09-03T12:12:14.117159+00:00
4USBM894236,101,BMW X5,PHEV,"Assembly Hall 52 (Mid/Full-Size SAC/SAV: X5, X6, X7, XM, iX5)",L1_S40_GLAZING_AND_SEALING,43.79,45.0,345.5,180.6,846.0,548.8,59.7,52.0,WF-800V-9767,PASSED,0.02,2026-09-03T12:11:52.117159+00:00
4USBM894236,101,BMW X5,PHEV,"Assembly Hall 52 (Mid/Full-Size SAC/SAV: X5, X6, X7, XM, iX5)",L1_S50_FINAL_LINE_ROLLOFF,44.85,45.0,335.1,180.7,837.4,550.1,65.8,64.0,WF-800V-9767,PASSED,0.04,2026-09-03T12:12:02.117159+00:00
4USBM800908,102,BMW X5,PHEV,"Assembly Hall 52 (Mid/Full-Size SAC/SAV: X5, X6, X7, XM, iX5)",L1_S01_CHASSIS_INTAKE,41.86,45.0,359.6,181.9,817.2,545.7,43.8,50.0,WF-800V-9339,PASSED,0.11,2026-09-03T12:13:12.117159+00:00
4USBM800908,102,BMW X5,PHEV,"Assembly Hall 52 (Mid/Full-Size SAC/SAV: X5, X6, X7, XM, iX5)",L1_S05_UNDERBODY_PREP,45.45,45.0,345.9,188.2,810.1,540.9,58.0,58.0,WF-800V-9339,PASSED,0.14,2026-09-03T12:13:15.117159+00:00
4USBM800908,102,BMW X5,PHEV,"Assembly Hall 52 (Mid/Full-Size SAC/SAV: X5, X6, X7, XM, iX5)",L1_S12_BATTERY_MARRIAGE,64.41,65.0,329.5,192.3,828.5,540.8,65.7,64.0,WF-800V-9339,PASSED,0.05,2026-09-03T12:13:09.117159+00:00
4USBM800908,102,BMW X5,PHEV,"Assembly Hall 52 (Mid/Full-Size SAC/SAV: X5, X6, X7, XM, iX5)",L1_S18_POWERTRAIN_DROP,47.45,45.0,324.5,186.5,863.8,541.6,68.8,72.0,WF-800V-9339,PASSED,0.07,2026-09-03T12:13:07.117159+00:00
4USBM800908,102,BMW X5,PHEV,"Assembly Hall 52 (Mid/Full-Size SAC/SAV: X5, X6, X7, XM, iX5)",L1_S24_EXHAUST_AND_HV,43.68,45.0,347.1,187.6,865.8,540.2,65.3,66.0,WF-800V-9339,PASSED,0.12,2026-09-03T12:13:09.117159+00:00
4USBM800908,102,BMW X5,PHEV,"Assembly Hall 52 (Mid/Full-Size SAC/SAV: X5, X6, X7, XM, iX5)",L1_S32_DOORS_AND_INTERIOR,44.73,45.0,372.9,180.8,806.7,569.1,56.4,58.0,WF-800V-9339,PASSED,0.01,2026-09-03T12:12:52.117159+00:00
4USBM800908,102,BMW X5,PHEV,"Assembly Hall 52 (Mid/Full-Size SAC/SAV: X5, X6, X7, XM, iX5)",L1_S40_GLAZING_AND_SEALING,45.76,45.0,344.0,183.4,839.7,536.7,53.6,52.0,WF-800V-9339,PASSED,0.15,2026-09-03T12:13:15.117159+00:00
4USBM800908,102,BMW X5,PHEV,"Assembly Hall 52 (Mid/Full-Size SAC/SAV: X5, X6, X7, XM, iX5)",L1_S50_FINAL_LINE_ROLLOFF,48.28,45.0,325.2,185.2,832.5,525.8,66.9,64.0,WF-800V-9339,PASSED,0.09,2026-09-03T12:13:18.117159+00:00
4USBM226205,103,BMW X5,PHEV,"Assembly Hall 52 (Mid/Full-Size SAC/SAV: X5, X6, X7, XM, iX5)",L1_S01_CHASSIS_INTAKE,44.63,45.0,318.1,190.7,800.4,563.9,55.5,50.0,WF-800V-9710,PASSED,0.14,2026-09-03T12:14:10.117159+00:00
4USBM226205,103,BMW X5,PHEV,"Assembly Hall 52 (Mid/Full-Size SAC/SAV: X5, X6, X7, XM, iX5)",L1_S05_UNDERBODY_PREP,43.4,45.0,340.7,186.2,824.3,511.3,53.3,58.0,WF-800V-9710,PASSED,0.02,2026-09-03T12:13:43.117159+00:00
4USBM226205,103,BMW X5,PHEV,"Assembly Hall 52 (Mid/Full-Size SAC/SAV: X5, X6, X7, XM, iX5)",L1_S12_BATTERY_MARRIAGE,57.28,65.0,332.6,186.5,819.3,551.6,64.2,64.0,WF-800V-9710,QUARANTINED_AT_STATION,0.95,2026-09-03T12:14:18.117159+00:00
4USBM226205,103,BMW X5,PHEV,"Assembly Hall 52 (Mid/Full-Size SAC/SAV: X5, X6, X7, XM, iX5)",L1_S18_POWERTRAIN_DROP,45.3,45.0,364.7,183.7,828.2,537.0,73.5,72.0,WF-800V-9710,PASSED,0.09,2026-09-03T12:13:49.117159+00:00
4USBM226205,103,BMW X5,PHEV,"Assembly Hall 52 (Mid/Full-Size SAC/SAV: X5, X6, X7, XM, iX5)",L1_S24_EXHAUST_AND_HV,45.47,45.0,341.0,189.0,825.1,563.7,65.9,66.0,WF-800V-9710,PASSED,0.14,2026-09-03T12:13:43.117159+00:00
4USBM226205,103,BMW X5,PHEV,"Assembly Hall 52 (Mid/Full-Size SAC/SAV: X5, X6, X7, XM, iX5)",L1_S32_DOORS_AND_INTERIOR,44.23,45.0,348.8,183.2,826.3,559.2,61.4,58.0,WF-800V-9710,PASSED,0.06,2026-09-03T12:13:57.117159+00:00
4USBM226205,103,BMW X5,PHEV,"Assembly Hall 52 (Mid/Full-Size SAC/SAV: X5, X6, X7, XM, iX5)",L1_S40_GLAZING_AND_SEALING,44.94,45.0,334.9,181.7,852.0,542.5,53.7,52.0,WF-800V-9710,PASSED,0.05,2026-09-03T12:14:02.117159+00:00
4USBM226205,103,BMW X5,PHEV,"Assembly Hall 52 (Mid/Full-Size SAC/SAV: X5, X6, X7, XM, iX5)",L1_S50_FINAL_LINE_ROLLOFF,43.83,45.0,341.5,186.0,862.5,537.5,63.8,64.0,WF-800V-9710,PASSED,0.08,2026-09-03T12:13:57.117159+00:00
4USBM997382,104,BMW iX5 Hydrogen/BEV,BEV,"Assembly Hall 52 (Mid/Full-Size SAC/SAV: X5, X6, X7, XM, iX5)",L1_S01_CHASSIS_INTAKE,44.62,45.0,338.5,186.0,848.4,527.9,52.9,52.0,WF-800V-9487,PASSED,0.01,2026-09-03T12:15:16.117159+00:00
4USBM997382,104,BMW iX5 Hydrogen/BEV,BEV,"Assembly Hall 52 (Mid/Full-Size SAC/SAV: X5, X6, X7, XM, iX5)",L1_S05_UNDERBODY_PREP,45.21,45.0,337.3,192.3,805.2,556.7,65.3,62.0,WF-800V-9487,PASSED,0.03,2026-09-03T12:15:02.117159+00:00
4USBM997382,104,BMW iX5 Hydrogen/BEV,BEV,"Assembly Hall 52 (Mid/Full-Size SAC/SAV: X5, X6, X7, XM, iX5)",L1_S12_BATTERY_MARRIAGE,66.4,65.0,334.7,181.6,850.6,556.7,72.5,74.0,WF-800V-9487,PASSED,0.14,2026-09-03T12:15:10.117159+00:00
4USBM997382,104,BMW iX5 Hydrogen/BEV,BEV,"Assembly Hall 52 (Mid/Full-Size SAC/SAV: X5, X6, X7, XM, iX5)",L1_S18_POWERTRAIN_DROP,43.69,45.0,343.0,187.2,797.9,551.6,47.1,46.0,WF-800V-9487,PASSED,0.1,2026-09-03T12:15:04.117159+00:00
4USBM997382,104,BMW iX5 Hydrogen/BEV,BEV,"Assembly Hall 52 (Mid/Full-Size SAC/SAV: X5, X6, X7, XM, iX5)",L1_S24_EXHAUST_AND_HV,46.71,45.0,350.8,180.5,825.2,554.0,39.9,44.0,WF-800V-9487,PASSED,0.02,2026-09-03T12:15:00.117159+00:00
4USBM997382,104,BMW iX5 Hydrogen/BEV,BEV,"Assembly Hall 52 (Mid/Full-Size SAC/SAV: X5, X6, X7, XM, iX5)",L1_S32_DOORS_AND_INTERIOR,45.69,45.0,332.8,188.0,878.2,563.5,61.0,60.0,WF-800V-9487,PASSED,0.06,2026-09-03T12:15:09.117159+00:00
4USBM997382,104,BMW iX5 Hydrogen/BEV,BEV,"Assembly Hall 52 (Mid/Full-Size SAC/SAV: X5, X6, X7, XM, iX5)",L1_S40_GLAZING_AND_SEALING,46.1,45.0,333.0,182.7,827.5,534.4,59.2,54.0,WF-800V-9487,PASSED,0.11,2026-09-03T12:14:47.117159+00:00
4USBM997382,104,BMW iX5 Hydrogen/BEV,BEV,"Assembly Hall 52 (Mid/Full-Size SAC/SAV: X5, X6, X7, XM, iX5)",L1_S50_FINAL_LINE_ROLLOFF,47.54,45.0,348.7,188.7,835.1,536.6,68.2,66.0,WF-800V-9487,PASSED,0.06,2026-09-03T12:15:09.117159+00:00
4USBM277471,105,BMW XM (High-Performance PHEV),PHEV,"Assembly Hall 52 (Mid/Full-Size SAC/SAV: X5, X6, X7, XM, iX5)",L1_S01_CHASSIS_INTAKE,46.5,45.0,335.1,178.1,822.2,529.4,52.6,50.0,WF-800V-9974,PASSED,0.06,2026-09-03T12:15:38.117159+00:00
4USBM277471,105,BMW XM (High-Performance PHEV),PHEV,"Assembly Hall 52 (Mid/Full-Size SAC/SAV: X5, X6, X7, XM, iX5)",L1_S05_UNDERBODY_PREP,45.53,45.0,344.9,184.3,832.7,553.1,56.7,58.0,WF-800V-9974,PASSED,0.13,2026-09-03T12:15:51.117159+00:00
4USBM277471,105,BMW XM (High-Performance PHEV),PHEV,"Assembly Hall 52 (Mid/Full-Size SAC/SAV: X5, X6, X7, XM, iX5)",L1_S12_BATTERY_MARRIAGE,64.65,65.0,350.2,188.9,853.9,557.5,62.4,64.0,WF-800V-9974,PASSED,0.08,2026-09-03T12:15:58.117159+00:00
4USBM277471,105,BMW XM (High-Performance PHEV),PHEV,"Assembly Hall 52 (Mid/Full-Size SAC/SAV: X5, X6, X7, XM, iX5)",L1_S18_POWERTRAIN_DROP,43.65,45.0,316.3,186.1,822.5,534.4,72.8,72.0,WF-800V-9974,PASSED,0.07,2026-09-03T12:15:59.117159+00:00
4USBM277471,105,BMW XM (High-Performance PHEV),PHEV,"Assembly Hall 52 (Mid/Full-Size SAC/SAV: X5, X6, X7, XM, iX5)",L1_S24_EXHAUST_AND_HV,41.23,45.0,343.8,178.5,762.4,532.4,66.6,66.0,WF-800V-9974,PASSED,0.05,2026-09-03T12:15:53.117159+00:00
4USBM277471,105,BMW XM (High-Performance PHEV),PHEV,"Assembly Hall 52 (Mid/Full-Size SAC/SAV: X5, X6, X7, XM, iX5)",L1_S32_DOORS_AND_INTERIOR,45.38,45.0,339.7,186.9,826.5,543.6,59.1,58.0,WF-800V-9974,PASSED,0.08,2026-09-03T12:15:42.117159+00:00
4USBM277471,105,BMW XM (High-Performance PHEV),PHEV,"Assembly Hall 52 (Mid/Full-Size SAC/SAV: X5, X6, X7, XM, iX5)",L1_S40_GLAZING_AND_SEALING,46.56,45.0,342.6,186.1,851.6,546.9,50.1,52.0,WF-800V-9974,PASSED,0.02,2026-09-03T12:15:52.117159+00:00
4USBM277471,105,BMW XM (High-Performance PHEV),PHEV,"Assembly Hall 52 (Mid/Full-Size SAC/SAV: X5, X6, X7, XM, iX5)",L1_S50_FINAL_LINE_ROLLOFF,45.08,45.0,319.7,190.8,809.2,523.6,64.5,64.0,WF-800V-9974,PASSED,0.01,2026-09-03T12:15:55.117159+00:00
4USBM612554,106,BMW XM (High-Performance PHEV),PHEV,"Assembly Hall 52 (Mid/Full-Size SAC/SAV: X5, X6, X7, XM, iX5)",L1_S01_CHASSIS_INTAKE,44.62,45.0,338.3,172.9,862.4,549.4,49.7,50.0,WF-800V-9552,PASSED,0.07,2026-09-03T12:16:35.117159+00:00
4USBM612554,106,BMW XM (High-Performance PHEV),PHEV,"Assembly Hall 52 (Mid/Full-Size SAC/SAV: X5, X6, X7, XM, iX5)",L1_S05_UNDERBODY_PREP,45.3,45.0,351.2,181.3,819.7,541.3,57.6,58.0,WF-800V-9552,PASSED,0.06,2026-09-03T12:16:33.117159+00:00
4USBM612554,106,BMW XM (High-Performance PHEV),PHEV,"Assembly Hall 52 (Mid/Full-Size SAC/SAV: X5, X6, X7, XM, iX5)",L1_S12_BATTERY_MARRIAGE,66.59,65.0,332.6,188.4,818.5,548.4,65.8,64.0,WF-800V-9552,PASSED,0.05,2026-09-03T12:16:45.117159+00:00
4USBM612554,106,BMW XM (High-Performance PHEV),PHEV,"Assembly Hall 52 (Mid/Full-Size SAC/SAV: X5, X6, X7, XM, iX5)",L1_S18_POWERTRAIN_DROP,45.13,45.0,315.9,181.8,832.1,535.8,73.5,72.0,WF-800V-9552,PASSED,0.06,2026-09-03T12:16:55.117159+00:00
4USBM612554,106,BMW XM (High-Performance PHEV),PHEV,"Assembly Hall 52 (Mid/Full-Size SAC/SAV: X5, X6, X7, XM, iX5)",L1_S24_EXHAUST_AND_HV,42.85,45.0,337.4,189.4,798.2,530.7,67.2,66.0,WF-800V-9552,PASSED,0.02,2026-09-03T12:16:50.117159+00:00
4USBM612554,106,BMW XM (High-Performance PHEV),PHEV,"Assembly Hall 52 (Mid/Full-Size SAC/SAV: X5, X6, X7, XM, iX5)",L1_S32_DOORS_AND_INTERIOR,44.22,45.0,355.1,177.1,838.5,556.0,55.1,58.0,WF-800V-9552,PASSED,0.1,2026-09-03T12:16:34.117159+00:00
4USBM612554,106,BMW XM (High-Performance PHEV),PHEV,"Assembly Hall 52 (Mid/Full-Size SAC/SAV: X5, X6, X7, XM, iX5)",L1_S40_GLAZING_AND_SEALING,44.69,45.0,340.6,192.3,819.8,555.2,54.4,52.0,WF-800V-9552,PASSED,0.04,2026-09-03T12:16:46.117159+00:00
4USBM612554,106,BMW XM (High-Performance PHEV),PHEV,"Assembly Hall 52 (Mid/Full-Size SAC/SAV: X5, X6, X7, XM, iX5)",L1_S50_FINAL_LINE_ROLLOFF,44.51,45.0,322.4,183.8,810.6,543.8,64.3,64.0,WF-800V-9552,PASSED,0.14,2026-09-03T12:16:35.117159+00:00
4USBM582516,107,BMW XM (High-Performance PHEV),PHEV,"Assembly Hall 52 (Mid/Full-Size SAC/SAV: X5, X6, X7, XM, iX5)",L1_S01_CHASSIS_INTAKE,46.05,45.0,328.1,186.0,817.2,550.3,50.2,50.0,WF-800V-9584,PASSED,0.14,2026-09-03T12:17:30.117159+00:00
4USBM582516,107,BMW XM (High-Performance PHEV),PHEV,"Assembly Hall 52 (Mid/Full-Size SAC/SAV: X5, X6, X7, XM, iX5)",L1_S05_UNDERBODY_PREP,46.38,45.0,344.9,179.2,860.6,551.3,58.8,58.0,WF-800V-9584,PASSED,0.13,2026-09-03T12:17:34.117159+00:00
4USBM582516,107,BMW XM (High-Performance PHEV),PHEV,"Assembly Hall 52 (Mid/Full-Size SAC/SAV: X5, X6, X7, XM, iX5)",L1_S12_BATTERY_MARRIAGE,66.54,65.0,327.3,191.2,824.6,568.4,66.3,64.0,WF-800V-9584,PASSED,0.08,2026-09-03T12:17:40.117159+00:00
4USBM582516,107,BMW XM (High-Performance PHEV),PHEV,"Assembly Hall 52 (Mid/Full-Size SAC/SAV: X5, X6, X7, XM, iX5)",L1_S18_POWERTRAIN_DROP,44.76,45.0,344.4,185.8,828.6,537.7,73.9,72.0,WF-800V-9584,PASSED,0.08,2026-09-03T12:17:48.117159+00:00
4USBM582516,107,BMW XM (High-Performance PHEV),PHEV,"Assembly Hall 52 (Mid/Full-Size SAC/SAV: X5, X6, X7, XM, iX5)",L1_S24_EXHAUST_AND_HV,47.11,45.0,357.4,185.5,784.4,549.6,70.9,66.0,WF-800V-9584,PASSED,0.14,2026-09-03T12:18:00.117159+00:00
4USBM582516,107,BMW XM (High-Performance PHEV),PHEV,"Assembly Hall 52 (Mid/Full-Size SAC/SAV: X5, X6, X7, XM, iX5)",L1_S32_DOORS_AND_INTERIOR,47.1,45.0,351.4,192.0,805.8,541.4,57.0,58.0,WF-800V-9584,PASSED,0.13,2026-09-03T12:17:38.117159+00:00
4USBM582516,107,BMW XM (High-Performance PHEV),PHEV,"Assembly Hall 52 (Mid/Full-Size SAC/SAV: X5, X6, X7, XM, iX5)",L1_S40_GLAZING_AND_SEALING,45.1,45.0,332.4,182.1,825.2,579.8,52.1,52.0,WF-800V-9584,PASSED,0.11,2026-09-03T12:17:35.117159+00:00
4USBM582516,107,BMW XM (High-Performance PHEV),PHEV,"Assembly Hall 52 (Mid/Full-Size SAC/SAV: X5, X6, X7, XM, iX5)",L1_S50_FINAL_LINE_ROLLOFF,45.22,45.0,336.0,180.4,876.7,542.1,66.3,64.0,WF-800V-9584,PASSED,0.12,2026-09-03T12:17:28.117159+00:00
4USBM337061,108,BMW X7,ICE,"Assembly Hall 52 (Mid/Full-Size SAC/SAV: X5, X6, X7, XM, iX5)",L1_S01_CHASSIS_INTAKE,44.56,45.0,0.0,187.5,882.8,999.0,42.5,48.0,N/A_ICE,PASSED,0.05,2026-09-03T12:18:22.117159+00:00
4USBM337061,108,BMW X7,ICE,"Assembly Hall 52 (Mid/Full-Size SAC/SAV: X5, X6, X7, XM, iX5)",L1_S05_UNDERBODY_PREP,45.44,45.0,0.0,190.1,779.1,999.0,55.6,54.0,N/A_ICE,PASSED,0.12,2026-09-03T12:18:48.117159+00:00
4USBM337061,108,BMW X7,ICE,"Assembly Hall 52 (Mid/Full-Size SAC/SAV: X5, X6, X7, XM, iX5)",L1_S12_BATTERY_MARRIAGE,64.46,65.0,0.0,185.3,794.5,999.0,33.5,32.0,N/A_ICE,PASSED,0.1,2026-09-03T12:18:34.117159+00:00
4USBM337061,108,BMW X7,ICE,"Assembly Hall 52 (Mid/Full-Size SAC/SAV: X5, X6, X7, XM, iX5)",L1_S18_POWERTRAIN_DROP,44.77,45.0,0.0,186.2,843.6,999.0,61.9,68.0,N/A_ICE,PASSED,0.14,2026-09-03T12:18:18.117159+00:00
4USBM337061,108,BMW X7,ICE,"Assembly Hall 52 (Mid/Full-Size SAC/SAV: X5, X6, X7, XM, iX5)",L1_S24_EXHAUST_AND_HV,43.52,45.0,0.0,189.9,805.0,999.0,63.0,62.0,N/A_ICE,PASSED,0.06,2026-09-03T12:18:43.117159+00:00
4USBM337061,108,BMW X7,ICE,"Assembly Hall 52 (Mid/Full-Size SAC/SAV: X5, X6, X7, XM, iX5)",L1_S32_DOORS_AND_INTERIOR,46.13,45.0,0.0,185.6,846.9,999.0,51.8,56.0,N/A_ICE,PASSED,0.04,2026-09-03T12:18:26.117159+00:00
4USBM337061,108,BMW X7,ICE,"Assembly Hall 52 (Mid/Full-Size SAC/SAV: X5, X6, X7, XM, iX5)",L1_S40_GLAZING_AND_SEALING,43.61,45.0,0.0,181.5,838.2,999.0,52.4,52.0,N/A_ICE,PASSED,0.03,2026-09-03T12:18:38.117159+00:00
4USBM337061,108,BMW X7,ICE,"Assembly Hall 52 (Mid/Full-Size SAC/SAV: X5, X6, X7, XM, iX5)",L1_S50_FINAL_LINE_ROLLOFF,45.8,45.0,0.0,192.2,827.8,999.0,58.0,58.0,N/A_ICE,PASSED,0.09,2026-09-03T12:18:20.117159+00:00
4USBM320734,109,BMW X5,PHEV,"Assembly Hall 52 (Mid/Full-Size SAC/SAV: X5, X6, X7, XM, iX5)",L1_S01_CHASSIS_INTAKE,44.68,45.0,338.1,180.9,832.7,565.5,47.7,50.0,WF-800V-9326,PASSED,0.02,2026-09-03T12:19:28.117159+00:00
4USBM320734,109,BMW X5,PHEV,"Assembly Hall 52 (Mid/Full-Size SAC/SAV: X5, X6, X7, XM, iX5)",L1_S05_UNDERBODY_PREP,46.23,45.0,321.5,182.9,848.0,538.2,53.6,58.0,WF-800V-9326,PASSED,0.04,2026-09-03T12:19:25.117159+00:00
4USBM320734,109,BMW X5,PHEV,"Assembly Hall 52 (Mid/Full-Size SAC/SAV: X5, X6, X7, XM, iX5)",L1_S12_BATTERY_MARRIAGE,67.29,65.0,344.2,185.1,805.2,527.3,66.3,64.0,WF-800V-9326,PASSED,0.1,2026-09-03T12:19:32.117159+00:00
4USBM320734,109,BMW X5,PHEV,"Assembly Hall 52 (Mid/Full-Size SAC/SAV: X5, X6, X7, XM, iX5)",L1_S18_POWERTRAIN_DROP,42.56,45.0,324.9,185.5,869.0,546.6,73.0,72.0,WF-800V-9326,PASSED,0.12,2026-09-03T12:19:40.117159+00:00
4USBM320734,109,BMW X5,PHEV,"Assembly Hall 52 (Mid/Full-Size SAC/SAV: X5, X6, X7, XM, iX5)",L1_S24_EXHAUST_AND_HV,46.29,45.0,350.5,178.9,845.3,531.4,67.3,66.0,WF-800V-9326,PASSED,0.1,2026-09-03T12:19:22.117159+00:00
4USBM320734,109,BMW X5,PHEV,"Assembly Hall 52 (Mid/Full-Size SAC/SAV: X5, X6, X7, XM, iX5)",L1_S32_DOORS_AND_INTERIOR,44.96,45.0,341.9,181.3,814.2,554.2,58.2,58.0,WF-800V-9326,PASSED,0.05,2026-09-03T12:19:14.117159+00:00
4USBM320734,109,BMW X5,PHEV,"Assembly Hall 52 (Mid/Full-Size SAC/SAV: X5, X6, X7, XM, iX5)",L1_S40_GLAZING_AND_SEALING,44.19,45.0,356.0,183.1,836.6,541.4,49.2,52.0,WF-800V-9326,PASSED,0.03,2026-09-03T12:19:14.117159+00:00
4USBM320734,109,BMW X5,PHEV,"Assembly Hall 52 (Mid/Full-Size SAC/SAV: X5, X6, X7, XM, iX5)",L1_S50_FINAL_LINE_ROLLOFF,44.86,45.0,352.4,187.8,781.1,551.3,60.8,64.0,WF-800V-9326,PASSED,0.13,2026-09-03T12:19:32.117159+00:00
4USBM974699,110,BMW X5,PHEV,"Assembly Hall 52 (Mid/Full-Size SAC/SAV: X5, X6, X7, XM, iX5)",L1_S01_CHASSIS_INTAKE,44.62,45.0,344.6,184.2,816.1,537.0,47.4,50.0,WF-800V-8820,PASSED,0.02,2026-09-03T12:20:23.117159+00:00
4USBM974699,110,BMW X5,PHEV,"Assembly Hall 52 (Mid/Full-Size SAC/SAV: X5, X6, X7, XM, iX5)",L1_S05_UNDERBODY_PREP,47.69,45.0,335.0,177.3,826.7,557.7,58.6,58.0,WF-800V-8820,PASSED,0.03,2026-09-03T12:20:36.117159+00:00
4USBM974699,110,BMW X5,PHEV,"Assembly Hall 52 (Mid/Full-Size SAC/SAV: X5, X6, X7, XM, iX5)",L1_S12_BATTERY_MARRIAGE,66.19,65.0,319.0,181.7,850.7,543.1,60.5,64.0,WF-800V-8820,PASSED,0.14,2026-09-03T12:20:15.117159+00:00
4USBM974699,110,BMW X5,PHEV,"Assembly Hall 52 (Mid/Full-Size SAC/SAV: X5, X6, X7, XM, iX5)",L1_S18_POWERTRAIN_DROP,45.81,45.0,334.3,185.7,844.1,526.6,70.0,72.0,WF-800V-8820,PASSED,0.14,2026-09-03T12:20:28.117159+00:00
4USBM974699,110,BMW X5,PHEV,"Assembly Hall 52 (Mid/Full-Size SAC/SAV: X5, X6, X7, XM, iX5)",L1_S24_EXHAUST_AND_HV,43.51,45.0,321.1,188.9,772.1,550.3,62.2,66.0,WF-800V-8820,PASSED,0.14,2026-09-03T12:20:17.117159+00:00
4USBM974699,110,BMW X5,PHEV,"Assembly Hall 52 (Mid/Full-Size SAC/SAV: X5, X6, X7, XM, iX5)",L1_S32_DOORS_AND_INTERIOR,44.32,45.0,343.9,184.3,836.7,551.9,57.3,58.0,WF-800V-8820,PASSED,0.08,2026-09-03T12:20:24.117159+00:00
4USBM974699,110,BMW X5,PHEV,"Assembly Hall 52 (Mid/Full-Size SAC/SAV: X5, X6, X7, XM, iX5)",L1_S40_GLAZING_AND_SEALING,46.56,45.0,306.5,183.9,787.6,528.4,54.7,52.0,WF-800V-8820,PASSED,0.07,2026-09-03T12:20:30.117159+00:00
4USBM974699,110,BMW X5,PHEV,"Assembly Hall 52 (Mid/Full-Size SAC/SAV: X5, X6, X7, XM, iX5)",L1_S50_FINAL_LINE_ROLLOFF,45.43,45.0,334.0,180.2,807.7,558.7,65.6,64.0,WF-800V-8820,PASSED,0.1,2026-09-03T12:20:14.117159+00:00
4USBM866746,111,BMW X7,ICE,"Assembly Hall 52 (Mid/Full-Size SAC/SAV: X5, X6, X7, XM, iX5)",L1_S01_CHASSIS_INTAKE,45.33,45.0,0.0,181.8,805.4,999.0,46.7,48.0,N/A_ICE,PASSED,0.13,2026-09-03T12:21:22.117159+00:00
4USBM866746,111,BMW X7,ICE,"Assembly Hall 52 (Mid/Full-Size SAC/SAV: X5, X6, X7, XM, iX5)",L1_S05_UNDERBODY_PREP,45.28,45.0,0.0,183.7,827.7,999.0,55.6,54.0,N/A_ICE,PASSED,0.03,2026-09-03T12:21:22.117159+00:00
4USBM866746,111,BMW X7,ICE,"Assembly Hall 52 (Mid/Full-Size SAC/SAV: X5, X6, X7, XM, iX5)",L1_S12_BATTERY_MARRIAGE,63.55,65.0,0.0,186.1,811.0,999.0,33.4,32.0,N/A_ICE,PASSED,0.05,2026-09-03T12:21:41.117159+00:00
4USBM866746,111,BMW X7,ICE,"Assembly Hall 52 (Mid/Full-Size SAC/SAV: X5, X6, X7, XM, iX5)",L1_S18_POWERTRAIN_DROP,41.95,45.0,0.0,187.4,840.1,999.0,72.4,68.0,N/A_ICE,PASSED,0.14,2026-09-03T12:21:14.117159+00:00
4USBM866746,111,BMW X7,ICE,"Assembly Hall 52 (Mid/Full-Size SAC/SAV: X5, X6, X7, XM, iX5)",L1_S24_EXHAUST_AND_HV,44.37,45.0,0.0,185.1,803.3,999.0,60.2,62.0,N/A_ICE,PASSED,0.14,2026-09-03T12:21:19.117159+00:00
4USBM866746,111,BMW X7,ICE,"Assembly Hall 52 (Mid/Full-Size SAC/SAV: X5, X6, X7, XM, iX5)",L1_S32_DOORS_AND_INTERIOR,46.24,45.0,0.0,184.9,786.8,999.0,55.9,56.0,N/A_ICE,PASSED,0.04,2026-09-03T12:21:17.117159+00:00
4USBM866746,111,BMW X7,ICE,"Assembly Hall 52 (Mid/Full-Size SAC/SAV: X5, X6, X7, XM, iX5)",L1_S40_GLAZING_AND_SEALING,46.24,45.0,0.0,178.7,812.0,999.0,55.4,52.0,N/A_ICE,PASSED,0.09,2026-09-03T12:21:40.117159+00:00
4USBM866746,111,BMW X7,ICE,"Assembly Hall 52 (Mid/Full-Size SAC/SAV: X5, X6, X7, XM, iX5)",L1_S50_FINAL_LINE_ROLLOFF,45.35,45.0,0.0,186.7,830.3,999.0,59.8,58.0,N/A_ICE,PASSED,0.05,2026-09-03T12:21:22.117159+00:00
4USBM862258,112,BMW X5,PHEV,"Assembly Hall 52 (Mid/Full-Size SAC/SAV: X5, X6, X7, XM, iX5)",L1_S01_CHASSIS_INTAKE,45.5,45.0,344.1,188.9,825.1,544.3,48.8,50.0,WF-800V-9406,PASSED,0.15,2026-09-03T12:22:01.117159+00:00
4USBM862258,112,BMW X5,PHEV,"Assembly Hall 52 (Mid/Full-Size SAC/SAV: X5, X6, X7, XM, iX5)",L1_S05_UNDERBODY_PREP,46.02,45.0,351.5,186.6,850.1,544.3,56.5,58.0,WF-800V-9406,PASSED,0.14,2026-09-03T12:22:05.117159+00:00
4USBM862258,112,BMW X5,PHEV,"Assembly Hall 52 (Mid/Full-Size SAC/SAV: X5, X6, X7, XM, iX5)",L1_S12_BATTERY_MARRIAGE,65.42,65.0,346.0,186.0,841.6,554.2,57.4,64.0,WF-800V-9406,PASSED,0.07,2026-09-03T12:22:01.117159+00:00
4USBM862258,112,BMW X5,PHEV,"Assembly Hall 52 (Mid/Full-Size SAC/SAV: X5, X6, X7, XM, iX5)",L1_S18_POWERTRAIN_DROP,45.94,45.0,344.6,188.6,807.6,535.2,67.6,72.0,WF-800V-9406,PASSED,0.1,2026-09-03T12:22:02.117159+00:00
4USBM862258,112,BMW X5,PHEV,"Assembly Hall 52 (Mid/Full-Size SAC/SAV: X5, X6, X7, XM, iX5)",L1_S24_EXHAUST_AND_HV,46.17,45.0,347.4,179.9,782.2,546.3,67.1,66.0,WF-800V-9406,PASSED,0.06,2026-09-03T12:22:04.117159+00:00
4USBM862258,112,BMW X5,PHEV,"Assembly Hall 52 (Mid/Full-Size SAC/SAV: X5, X6, X7, XM, iX5)",L1_S32_DOORS_AND_INTERIOR,47.14,45.0,343.2,180.4,822.2,541.4,60.7,58.0,WF-800V-9406,PASSED,0.13,2026-09-03T12:22:33.117159+00:00
4USBM862258,112,BMW X5,PHEV,"Assembly Hall 52 (Mid/Full-Size SAC/SAV: X5, X6, X7, XM, iX5)",L1_S40_GLAZING_AND_SEALING,46.39,45.0,345.9,178.4,793.4,537.3,54.7,52.0,WF-800V-9406,PASSED,0.1,2026-09-03T12:22:01.117159+00:00
4USBM862258,112,BMW X5,PHEV,"Assembly Hall 52 (Mid/Full-Size SAC/SAV: X5, X6, X7, XM, iX5)",L1_S50_FINAL_LINE_ROLLOFF,44.93,45.0,353.7,184.9,838.9,571.3,66.2,64.0,WF-800V-9406,PASSED,0.07,2026-09-03T12:22:07.117159+00:00
4USBM804516,113,BMW X5,PHEV,"Assembly Hall 52 (Mid/Full-Size SAC/SAV: X5, X6, X7, XM, iX5)",L1_S01_CHASSIS_INTAKE,45.35,45.0,317.5,181.7,805.1,524.6,51.7,50.0,WF-800V-9268,PASSED,0.12,2026-09-03T12:23:03.117159+00:00
4USBM804516,113,BMW X5,PHEV,"Assembly Hall 52 (Mid/Full-Size SAC/SAV: X5, X6, X7, XM, iX5)",L1_S05_UNDERBODY_PREP,46.55,45.0,346.8,190.6,806.1,565.4,58.8,58.0,WF-800V-9268,PASSED,0.04,2026-09-03T12:23:09.117159+00:00
4USBM804516,113,BMW X5,PHEV,"Assembly Hall 52 (Mid/Full-Size SAC/SAV: X5, X6, X7, XM, iX5)",L1_S12_BATTERY_MARRIAGE,64.19,65.0,353.3,187.5,821.2,543.9,69.0,64.0,WF-800V-9268,PASSED,0.02,2026-09-03T12:23:04.117159+00:00
4USBM804516,113,BMW X5,PHEV,"Assembly Hall 52 (Mid/Full-Size SAC/SAV: X5, X6, X7, XM, iX5)",L1_S18_POWERTRAIN_DROP,46.21,45.0,339.4,186.6,823.8,565.7,76.2,72.0,WF-800V-9268,PASSED,0.09,2026-09-03T12:23:22.117159+00:00
4USBM804516,113,BMW X5,PHEV,"Assembly Hall 52 (Mid/Full-Size SAC/SAV: X5, X6, X7, XM, iX5)",L1_S24_EXHAUST_AND_HV,44.76,45.0,335.9,185.4,902.3,561.1,62.8,66.0,WF-800V-9268,PASSED,0.01,2026-09-03T12:22:52.117159+00:00
4USBM804516,113,BMW X5,PHEV,"Assembly Hall 52 (Mid/Full-Size SAC/SAV: X5, X6, X7, XM, iX5)",L1_S32_DOORS_AND_INTERIOR,45.07,45.0,347.2,186.6,782.2,552.9,56.8,58.0,WF-800V-9268,PASSED,0.09,2026-09-03T12:23:29.117159+00:00
4USBM804516,113,BMW X5,PHEV,"Assembly Hall 52 (Mid/Full-Size SAC/SAV: X5, X6, X7, XM, iX5)",L1_S40_GLAZING_AND_SEALING,45.03,45.0,337.1,177.0,808.5,538.2,55.2,52.0,WF-800V-9268,PASSED,0.02,2026-09-03T12:23:15.117159+00:00
4USBM804516,113,BMW X5,PHEV,"Assembly Hall 52 (Mid/Full-Size SAC/SAV: X5, X6, X7, XM, iX5)",L1_S50_FINAL_LINE_ROLLOFF,46.94,45.0,346.0,187.3,791.3,567.6,65.5,64.0,WF-800V-9268,PASSED,0.06,2026-09-03T12:23:15.117159+00:00
4USBM432392,114,BMW X5,ICE,"Assembly Hall 52 (Mid/Full-Size SAC/SAV: X5, X6, X7, XM, iX5)",L1_S01_CHASSIS_INTAKE,46.51,45.0,0.0,184.6,846.2,999.0,43.6,48.0,N/A_ICE,PASSED,0.13,2026-09-03T12:24:02.117159+00:00
4USBM432392,114,BMW X5,ICE,"Assembly Hall 52 (Mid/Full-Size SAC/SAV: X5, X6, X7, XM, iX5)",L1_S05_UNDERBODY_PREP,41.72,45.0,0.0,182.1,799.4,999.0,53.7,54.0,N/A_ICE,PASSED,0.07,2026-09-03T12:23:56.117159+00:00
4USBM432392,114,BMW X5,ICE,"Assembly Hall 52 (Mid/Full-Size SAC/SAV: X5, X6, X7, XM, iX5)",L1_S12_BATTERY_MARRIAGE,67.16,65.0,0.0,189.8,805.3,999.0,30.5,32.0,N/A_ICE,PASSED,0.03,2026-09-03T12:23:53.117159+00:00
4USBM432392,114,BMW X5,ICE,"Assembly Hall 52 (Mid/Full-Size SAC/SAV: X5, X6, X7, XM, iX5)",L1_S18_POWERTRAIN_DROP,44.89,45.0,0.0,194.7,846.9,999.0,66.8,68.0,N/A_ICE,PASSED,0.01,2026-09-03T12:24:21.117159+00:00
4USBM432392,114,BMW X5,ICE,"Assembly Hall 52 (Mid/Full-Size SAC/SAV: X5, X6, X7, XM, iX5)",L1_S24_EXHAUST_AND_HV,44.73,45.0,0.0,181.4,792.5,999.0,59.4,62.0,N/A_ICE,PASSED,0.02,2026-09-03T12:23:56.117159+00:00
4USBM432392,114,BMW X5,ICE,"Assembly Hall 52 (Mid/Full-Size SAC/SAV: X5, X6, X7, XM, iX5)",L1_S32_DOORS_AND_INTERIOR,45.02,45.0,0.0,188.8,852.2,999.0,56.9,56.0,N/A_ICE,PASSED,0.08,2026-09-03T12:23:57.117159+00:00
4USBM432392,114,BMW X5,ICE,"Assembly Hall 52 (Mid/Full-Size SAC/SAV: X5, X6, X7, XM, iX5)",L1_S40_GLAZING_AND_SEALING,43.75,45.0,0.0,186.4,830.1,999.0,50.0,52.0,N/A_ICE,PASSED,0.05,2026-09-03T12:24:09.117159+00:00
4USBM432392,114,BMW X5,ICE,"Assembly Hall 52 (Mid/Full-Size SAC/SAV: X5, X6, X7, XM, iX5)",L1_S50_FINAL_LINE_ROLLOFF,44.84,45.0,0.0,177.8,851.0,999.0,60.8,58.0,N/A_ICE,PASSED,0.1,2026-09-03T12:24:15.117159+00:00
4USBM828321,115,BMW X5,PHEV,"Assembly Hall 52 (Mid/Full-Size SAC/SAV: X5, X6, X7, XM, iX5)",L1_S01_CHASSIS_INTAKE,44.17,45.0,348.0,186.3,809.6,559.9,47.6,50.0,WF-800V-9268,PASSED,0.09,2026-09-03T12:25:05.117159+00:00
4USBM828321,115,BMW X5,PHEV,"Assembly Hall 52 (Mid/Full-Size SAC/SAV: X5, X6, X7, XM, iX5)",L1_S05_UNDERBODY_PREP,45.06,45.0,345.3,182.0,824.3,536.7,58.6,58.0,WF-800V-9268,PASSED,0.13,2026-09-03T12:25:03.117159+00:00
4USBM828321,115,BMW X5,PHEV,"Assembly Hall 52 (Mid/Full-Size SAC/SAV: X5, X6, X7, XM, iX5)",L1_S12_BATTERY_MARRIAGE,64.76,65.0,350.9,178.2,790.3,549.9,67.3,64.0,WF-800V-9268,PASSED,0.06,2026-09-03T12:25:04.117159+00:00
4USBM828321,115,BMW X5,PHEV,"Assembly Hall 52 (Mid/Full-Size SAC/SAV: X5, X6, X7, XM, iX5)",L1_S18_POWERTRAIN_DROP,45.53,45.0,335.7,191.3,848.5,558.4,74.5,72.0,WF-800V-9268,PASSED,0.07,2026-09-03T12:24:50.117159+00:00
4USBM828321,115,BMW X5,PHEV,"Assembly Hall 52 (Mid/Full-Size SAC/SAV: X5, X6, X7, XM, iX5)",L1_S24_EXHAUST_AND_HV,43.66,45.0,333.6,187.3,840.4,542.3,68.4,66.0,WF-800V-9268,PASSED,0.07,2026-09-03T12:25:08.117159+00:00
4USBM828321,115,BMW X5,PHEV,"Assembly Hall 52 (Mid/Full-Size SAC/SAV: X5, X6, X7, XM, iX5)",L1_S32_DOORS_AND_INTERIOR,42.69,45.0,330.9,176.2,861.6,547.9,57.0,58.0,WF-800V-9268,PASSED,0.13,2026-09-03T12:24:42.117159+00:00
4USBM828321,115,BMW X5,PHEV,"Assembly Hall 52 (Mid/Full-Size SAC/SAV: X5, X6, X7, XM, iX5)",L1_S40_GLAZING_AND_SEALING,45.42,45.0,310.6,188.6,828.8,578.3,51.8,52.0,WF-800V-9268,PASSED,0.04,2026-09-03T12:25:18.117159+00:00
4USBM828321,115,BMW X5,PHEV,"Assembly Hall 52 (Mid/Full-Size SAC/SAV: X5, X6, X7, XM, iX5)",L1_S50_FINAL_LINE_ROLLOFF,45.93,45.0,347.1,184.2,856.4,547.4,64.3,64.0,WF-800V-9268,PASSED,0.07,2026-09-03T12:25:03.117159+00:00
4USBM726688,116,BMW X5,PHEV,"Assembly Hall 52 (Mid/Full-Size SAC/SAV: X5, X6, X7, XM, iX5)",L1_S01_CHASSIS_INTAKE,45.15,45.0,321.3,182.8,807.0,551.1,50.2,50.0,WF-800V-9939,PASSED,0.12,2026-09-03T12:25:49.117159+00:00
4USBM726688,116,BMW X5,PHEV,"Assembly Hall 52 (Mid/Full-Size SAC/SAV: X5, X6, X7, XM, iX5)",L1_S05_UNDERBODY_PREP,46.84,45.0,332.4,182.9,857.3,546.4,56.0,58.0,WF-800V-9939,PASSED,0.13,2026-09-03T12:26:05.117159+00:00
4USBM726688,116,BMW X5,PHEV,"Assembly Hall 52 (Mid/Full-Size SAC/SAV: X5, X6, X7, XM, iX5)",L1_S12_BATTERY_MARRIAGE,66.04,65.0,360.3,184.3,851.7,578.6,65.5,64.0,WF-800V-9939,PASSED,0.06,2026-09-03T12:26:14.117159+00:00
4USBM726688,116,BMW X5,PHEV,"Assembly Hall 52 (Mid/Full-Size SAC/SAV: X5, X6, X7, XM, iX5)",L1_S18_POWERTRAIN_DROP,45.11,45.0,354.0,180.2,824.7,543.2,74.4,72.0,WF-800V-9939,PASSED,0.06,2026-09-03T12:26:13.117159+00:00
4USBM726688,116,BMW X5,PHEV,"Assembly Hall 52 (Mid/Full-Size SAC/SAV: X5, X6, X7, XM, iX5)",L1_S24_EXHAUST_AND_HV,43.77,45.0,341.4,181.4,823.2,544.6,65.4,66.0,WF-800V-9939,PASSED,0.12,2026-09-03T12:25:56.117159+00:00
4USBM726688,116,BMW X5,PHEV,"Assembly Hall 52 (Mid/Full-Size SAC/SAV: X5, X6, X7, XM, iX5)",L1_S32_DOORS_AND_INTERIOR,45.35,45.0,354.8,189.7,857.5,563.2,58.0,58.0,WF-800V-9939,PASSED,0.01,2026-09-03T12:26:11.117159+00:00
4USBM726688,116,BMW X5,PHEV,"Assembly Hall 52 (Mid/Full-Size SAC/SAV: X5, X6, X7, XM, iX5)",L1_S40_GLAZING_AND_SEALING,45.95,45.0,344.7,187.5,814.6,540.2,50.4,52.0,WF-800V-9939,PASSED,0.03,2026-09-03T12:26:08.117159+00:00
4USBM726688,116,BMW X5,PHEV,"Assembly Hall 52 (Mid/Full-Size SAC/SAV: X5, X6, X7, XM, iX5)",L1_S50_FINAL_LINE_ROLLOFF,44.49,45.0,361.9,182.7,787.0,536.8,66.3,64.0,WF-800V-9939,PASSED,0.07,2026-09-03T12:25:54.117159+00:00
4USBM738708,117,BMW X5,PHEV,"Assembly Hall 52 (Mid/Full-Size SAC/SAV: X5, X6, X7, XM, iX5)",L1_S01_CHASSIS_INTAKE,43.52,45.0,347.7,188.7,878.4,563.2,52.9,50.0,WF-800V-9849,PASSED,0.11,2026-09-03T12:27:11.117159+00:00
4USBM738708,117,BMW X5,PHEV,"Assembly Hall 52 (Mid/Full-Size SAC/SAV: X5, X6, X7, XM, iX5)",L1_S05_UNDERBODY_PREP,45.52,45.0,330.7,185.9,825.0,539.7,60.4,58.0,WF-800V-9849,PASSED,0.11,2026-09-03T12:26:37.117159+00:00
4USBM738708,117,BMW X5,PHEV,"Assembly Hall 52 (Mid/Full-Size SAC/SAV: X5, X6, X7, XM, iX5)",L1_S12_BATTERY_MARRIAGE,66.27,65.0,346.2,176.1,827.8,547.7,58.4,64.0,WF-800V-9849,PASSED,0.03,2026-09-03T12:27:08.117159+00:00
4USBM738708,117,BMW X5,PHEV,"Assembly Hall 52 (Mid/Full-Size SAC/SAV: X5, X6, X7, XM, iX5)",L1_S18_POWERTRAIN_DROP,45.14,45.0,318.5,185.7,787.4,539.3,72.1,72.0,WF-800V-9849,PASSED,0.01,2026-09-03T12:26:36.117159+00:00
4USBM738708,117,BMW X5,PHEV,"Assembly Hall 52 (Mid/Full-Size SAC/SAV: X5, X6, X7, XM, iX5)",L1_S24_EXHAUST_AND_HV,47.12,45.0,361.4,190.8,827.6,560.8,70.6,66.0,WF-800V-9849,PASSED,0.1,2026-09-03T12:26:36.117159+00:00
4USBM738708,117,BMW X5,PHEV,"Assembly Hall 52 (Mid/Full-Size SAC/SAV: X5, X6, X7, XM, iX5)",L1_S32_DOORS_AND_INTERIOR,46.38,45.0,340.1,188.7,832.4,552.6,57.7,58.0,WF-800V-9849,PASSED,0.1,2026-09-03T12:27:06.117159+00:00
4USBM738708,117,BMW X5,PHEV,"Assembly Hall 52 (Mid/Full-Size SAC/SAV: X5, X6, X7, XM, iX5)",L1_S40_GLAZING_AND_SEALING,45.55,45.0,345.6,182.6,807.1,556.3,50.1,52.0,WF-800V-9849,PASSED,0.12,2026-09-03T12:26:37.117159+00:00
4USBM738708,117,BMW X5,PHEV,"Assembly Hall 52 (Mid/Full-Size SAC/SAV: X5, X6, X7, XM, iX5)",L1_S50_FINAL_LINE_ROLLOFF,45.24,45.0,344.1,188.5,863.2,574.0,64.0,64.0,WF-800V-9849,PASSED,0.1,2026-09-03T12:26:58.117159+00:00
4USBM959540,118,BMW X7,ICE,"Assembly Hall 52 (Mid/Full-Size SAC/SAV: X5, X6, X7, XM, iX5)",L1_S01_CHASSIS_INTAKE,44.88,45.0,0.0,190.1,849.3,999.0,45.3,48.0,N/A_ICE,PASSED,0.08,2026-09-03T12:27:53.117159+00:00
4USBM959540,118,BMW X7,ICE,"Assembly Hall 52 (Mid/Full-Size SAC/SAV: X5, X6, X7, XM, iX5)",L1_S05_UNDERBODY_PREP,46.36,45.0,0.0,181.9,824.2,999.0,56.3,54.0,N/A_ICE,PASSED,0.04,2026-09-03T12:27:49.117159+00:00
4USBM959540,118,BMW X7,ICE,"Assembly Hall 52 (Mid/Full-Size SAC/SAV: X5, X6, X7, XM, iX5)",L1_S12_BATTERY_MARRIAGE,66.27,65.0,0.0,186.1,806.9,999.0,34.5,32.0,N/A_ICE,PASSED,0.09,2026-09-03T12:27:38.117159+00:00
4USBM959540,118,BMW X7,ICE,"Assembly Hall 52 (Mid/Full-Size SAC/SAV: X5, X6, X7, XM, iX5)",L1_S18_POWERTRAIN_DROP,43.1,45.0,0.0,184.3,778.5,999.0,67.5,68.0,N/A_ICE,PASSED,0.05,2026-09-03T12:28:03.117159+00:00
4USBM959540,118,BMW X7,ICE,"Assembly Hall 52 (Mid/Full-Size SAC/SAV: X5, X6, X7, XM, iX5)",L1_S24_EXHAUST_AND_HV,44.27,45.0,0.0,192.8,838.2,999.0,62.0,62.0,N/A_ICE,PASSED,0.05,2026-09-03T12:27:39.117159+00:00
4USBM959540,118,BMW X7,ICE,"Assembly Hall 52 (Mid/Full-Size SAC/SAV: X5, X6, X7, XM, iX5)",L1_S32_DOORS_AND_INTERIOR,45.31,45.0,0.0,187.9,836.2,999.0,57.8,56.0,N/A_ICE,PASSED,0.08,2026-09-03T12:27:58.117159+00:00
4USBM959540,118,BMW X7,ICE,"Assembly Hall 52 (Mid/Full-Size SAC/SAV: X5, X6, X7, XM, iX5)",L1_S40_GLAZING_AND_SEALING,44.64,45.0,0.0,179.0,812.2,999.0,46.4,52.0,N/A_ICE,PASSED,0.13,2026-09-03T12:28:05.117159+00:00
4USBM959540,118,BMW X7,ICE,"Assembly Hall 52 (Mid/Full-Size SAC/SAV: X5, X6, X7, XM, iX5)",L1_S50_FINAL_LINE_ROLLOFF,45.88,45.0,0.0,184.4,814.3,999.0,59.9,58.0,N/A_ICE,PASSED,0.1,2026-09-03T12:27:34.117159+00:00
4USBM808344,119,BMW X5,PHEV,"Assembly Hall 52 (Mid/Full-Size SAC/SAV: X5, X6, X7, XM, iX5)",L1_S01_CHASSIS_INTAKE,45.72,45.0,343.2,179.0,853.3,542.0,48.8,50.0,WF-800V-8862,PASSED,0.12,2026-09-03T12:28:23.117159+00:00
4USBM808344,119,BMW X5,PHEV,"Assembly Hall 52 (Mid/Full-Size SAC/SAV: X5, X6, X7, XM, iX5)",L1_S05_UNDERBODY_PREP,45.35,45.0,333.2,182.4,806.3,575.3,63.0,58.0,WF-800V-8862,PASSED,0.14,2026-09-03T12:28:28.117159+00:00
4USBM808344,119,BMW X5,PHEV,"Assembly Hall 52 (Mid/Full-Size SAC/SAV: X5, X6, X7, XM, iX5)",L1_S12_BATTERY_MARRIAGE,67.63,65.0,318.7,177.8,854.9,537.2,61.9,64.0,WF-800V-8862,PASSED,0.04,2026-09-03T12:28:22.117159+00:00
4USBM808344,119,BMW X5,PHEV,"Assembly Hall 52 (Mid/Full-Size SAC/SAV: X5, X6, X7, XM, iX5)",L1_S18_POWERTRAIN_DROP,44.86,45.0,348.5,186.0,816.7,543.0,74.7,72.0,WF-800V-8862,PASSED,0.1,2026-09-03T12:28:28.117159+00:00
4USBM808344,119,BMW X5,PHEV,"Assembly Hall 52 (Mid/Full-Size SAC/SAV: X5, X6, X7, XM, iX5)",L1_S24_EXHAUST_AND_HV,44.56,45.0,330.2,184.4,795.9,555.7,64.7,66.0,WF-800V-8862,PASSED,0.11,2026-09-03T12:28:44.117159+00:00
4USBM808344,119,BMW X5,PHEV,"Assembly Hall 52 (Mid/Full-Size SAC/SAV: X5, X6, X7, XM, iX5)",L1_S32_DOORS_AND_INTERIOR,45.54,45.0,349.3,186.1,822.7,591.7,55.8,58.0,WF-800V-8862,PASSED,0.08,2026-09-03T12:28:56.117159+00:00
4USBM808344,119,BMW X5,PHEV,"Assembly Hall 52 (Mid/Full-Size SAC/SAV: X5, X6, X7, XM, iX5)",L1_S40_GLAZING_AND_SEALING,46.97,45.0,331.3,177.5,791.6,556.0,51.8,52.0,WF-800V-8862,PASSED,0.11,2026-09-03T12:28:33.117159+00:00
4USBM808344,119,BMW X5,PHEV,"Assembly Hall 52 (Mid/Full-Size SAC/SAV: X5, X6, X7, XM, iX5)",L1_S50_FINAL_LINE_ROLLOFF,43.38,45.0,336.0,188.0,857.5,564.8,67.6,64.0,WF-800V-8862,PASSED,0.11,2026-09-03T12:28:59.117159+00:00
4USBM715671,120,BMW X5,PHEV,"Assembly Hall 52 (Mid/Full-Size SAC/SAV: X5, X6, X7, XM, iX5)",L1_S01_CHASSIS_INTAKE,42.6,45.0,359.1,190.8,840.0,552.4,48.2,50.0,WF-800V-9018,PASSED,0.09,2026-09-03T12:29:39.117159+00:00
4USBM715671,120,BMW X5,PHEV,"Assembly Hall 52 (Mid/Full-Size SAC/SAV: X5, X6, X7, XM, iX5)",L1_S05_UNDERBODY_PREP,45.58,45.0,342.7,182.0,806.2,545.3,56.4,58.0,WF-800V-9018,PASSED,0.07,2026-09-03T12:29:44.117159+00:00
4USBM715671,120,BMW X5,PHEV,"Assembly Hall 52 (Mid/Full-Size SAC/SAV: X5, X6, X7, XM, iX5)",L1_S12_BATTERY_MARRIAGE,64.92,65.0,330.9,185.3,823.6,568.2,67.8,64.0,WF-800V-9018,PASSED,0.03,2026-09-03T12:29:33.117159+00:00
4USBM715671,120,BMW X5,PHEV,"Assembly Hall 52 (Mid/Full-Size SAC/SAV: X5, X6, X7, XM, iX5)",L1_S18_POWERTRAIN_DROP,44.55,45.0,340.4,181.1,839.7,551.3,70.0,72.0,WF-800V-9018,PASSED,0.11,2026-09-03T12:29:40.117159+00:00
4USBM715671,120,BMW X5,PHEV,"Assembly Hall 52 (Mid/Full-Size SAC/SAV: X5, X6, X7, XM, iX5)",L1_S24_EXHAUST_AND_HV,45.26,45.0,328.4,180.3,807.4,533.4,68.4,66.0,WF-800V-9018,PASSED,0.15,2026-09-03T12:29:35.117159+00:00
4USBM715671,120,BMW X5,PHEV,"Assembly Hall 52 (Mid/Full-Size SAC/SAV: X5, X6, X7, XM, iX5)",L1_S32_DOORS_AND_INTERIOR,45.23,45.0,330.8,186.7,829.3,556.6,58.6,58.0,WF-800V-9018,PASSED,0.04,2026-09-03T12:29:56.117159+00:00
4USBM715671,120,BMW X5,PHEV,"Assembly Hall 52 (Mid/Full-Size SAC/SAV: X5, X6, X7, XM, iX5)",L1_S40_GLAZING_AND_SEALING,44.03,45.0,319.5,180.9,869.9,554.8,50.5,52.0,WF-800V-9018,PASSED,0.06,2026-09-03T12:29:37.117159+00:00
4USBM715671,120,BMW X5,PHEV,"Assembly Hall 52 (Mid/Full-Size SAC/SAV: X5, X6, X7, XM, iX5)",L1_S50_FINAL_LINE_ROLLOFF,44.77,45.0,302.9,182.9,829.5,535.6,64.0,64.0,WF-800V-9018,PASSED,0.03,2026-09-03T12:29:26.117159+00:00
